country_name,country_code,year,cost_healthy_diet_ppp,affordability_ratio,pct_cannot_afford_healthy_diet,veg_cost_share,population,gdp_per_capita,poverty_headcount_pct,food_insecurity_pct
Angola,AGO,2017,3.18,,60.1,,30234839.0,8125.70639391928,,
Brunei Darussalam,BRN,2017,4.11,,,,432772.0,61657.6802725444,,
Burkina Faso,BFA,2017,2.77,,68.4,,19894407.0,2042.40295259917,,38.9
Cabo Verde,CPV,2017,3.16,,56.5,,512893.0,7935.76176281072,,37.7
Canada,CAN,2017,3.08,,3.7,,36808497.0,48317.500303004,0.4,5.0
Chad,TCD,2017,2.82,,67.2,,15622759.0,2097.14425483604,,74.7
Costa Rica,CRI,2017,3.54,,53.6,,4913177.0,20499.3442145104,1.7,13.7
Estonia,EST,2017,3.14,,13.7,,1317425.0,34506.6486942506,0.5,8.2
Eswatini,SWZ,2017,3.36,,69.3,,1158195.0,8584.31100767837,,
Finland,FIN,2017,2.53,,1.1,,5508396.0,47234.8528600939,0.1,8.3
France,FRA,2017,2.58,,2.3,,65284776.0,44469.1458856805,0.0,6.3
"Gambia, The",GMB,2017,2.69,,43.6,,2342189.0,2038.95429850128,,52.7
Grenada,GRD,2017,4.43,,23.4,,115438.0,15041.4525712067,,23.6
Guyana,GUY,2017,4.62,,78.2,,768479.0,12243.2225968541,,
India,IND,2017,2.77,,59.8,,1359657400.0,5968.11490280172,,
Iraq,IRQ,2017,3.32,,23.4,,39337353.0,10191.6616988639,,
Israel,ISR,2017,2.51,,22.3,,8361797.0,39350.730387912,0.7,12.2
Italy,ITA,2017,2.74,,11.1,,60390318.0,42142.3435406885,1.5,
Latvia,LVA,2017,3.04,,32.5,,1942594.0,25763.9907709703,1.0,9.4
Lithuania,LTU,2017,2.85,,24.3,,2829313.0,31305.0436934372,1.2,12.3
Malaysia,MYS,2017,3.1,,4.4,,32355644.0,26415.5960203287,,15.1
Panama,PAN,2017,4.19,,52.7,,4098707.0,33533.3260079329,4.3,
Paraguay,PRY,2017,3.74,,27.1,,6338660.0,13977.3427788651,2.4,15.6
Poland,POL,2017,2.95,,19.8,,38254959.0,30170.2818974087,0.4,5.3
Portugal,PRT,2017,2.64,,22.1,,10330844.0,32970.8395386562,0.4,11.6
Rwanda,RWA,2017,3.05,,81.6,,12202060.0,1949.12266322999,,
Saudi Arabia,SAU,2017,2.46,,,,30782402.0,53120.4572456269,,
South Africa,ZAF,2017,3.0,,60.9,,57635162.0,13738.4385854596,,
St. Kitts and Nevis,KNA,2017,3.37,,,,47050.0,29578.6311625727,,
Tajikistan,TJK,2017,,,,,9085946.0,3017.00314887354,,29.6
Viet Nam,VNM,2017,3.27,,11.1,,95176977.0,9169.73192052855,,6.2
West Bank and Gaza,PSE,2017,2.53,,5.9,,4742743.0,6106.64574037122,,26.3
Algeria,DZA,2018,4.16,,40.6,,42505035.0,13727.1266357859,,17.6
"Bahamas, The",BHS,2018,4.24,,,,392717.0,35227.7619063243,,
Bolivia,BOL,2018,3.61,,13.0,,11508368.0,10758.4075594003,4.7,
Bosnia and Herzegovina,BIH,2018,4.13,,16.9,,3387000.0,14858.6247595644,,9.2
Haiti,HTI,2018,4.05,,78.1,,10962362.0,3196.97386370614,,
Iceland,ISL,2018,2.41,,1.6,,352854.0,58105.5882495515,0.3,7.2
Lao PDR,LAO,2018,3.77,,58.4,,7128045.0,7486.86452700433,15.7,
Luxembourg,LUX,2018,2.59,,2.4,,608101.0,116638.414163882,0.3,3.3
Mali,MLI,2018,2.97,,53.8,,20442030.0,2684.41122026577,29.4,25.2
Nigeria,NGA,2018,2.96,,69.5,,204938755.0,7158.17107558117,34.2,47.1
North Macedonia,MKD,2018,3.3,,22.6,,1919728.0,18460.5440872584,4.3,14.4
Sao Tome and Principe,STP,2018,2.63,,44.0,,210187.0,3941.03280858409,,
Senegal,SEN,2018,2.72,,49.5,,15914498.0,3380.21596529445,19.1,35.1
South Sudan,SSD,2018,3.12,,90.8,,10122977.0,,,84.9
St. Lucia,LCA,2018,3.8,,8.1,,177017.0,17433.3010328737,,
Suriname,SUR,2018,4.33,,20.4,,599513.0,17855.4787141437,,
Tanzania,TZA,2018,2.3,,74.2,,57437145.0,2727.88012695313,51.3,56.1
United Kingdom,GBR,2018,1.75,,3.9,,66752475.0,47636.0128366551,0.4,4.9
Bahrain,BHR,2019,3.3,,,,1485670.0,56599.5214364411,,
Burundi,BDI,2019,3.1,,88.0,,12255336.0,868.423731660834,,
Cambodia,KHM,2019,3.68,,,,16481304.0,6153.99439528427,,38.6
China,CHN,2019,2.85,,22.9,,1423520357.0,17600.8907568493,0.0,
Cote d'Ivoire,CIV,2019,2.66,,46.8,,28193009.0,5516.39055126829,,39.5
Gabon,GAB,2019,3.44,,34.5,,2267706.0,15949.6373739622,,
Jamaica,JAM,2019,4.83,,24.0,,2823271.0,10845.0113635875,,48.4
Jordan,JOR,2019,2.94,,2.5,,10671891.0,10305.6561841508,,
Malta,MLT,2019,3.75,,4.3,,504015.0,51392.5014263659,0.3,4.4
Mongolia,MNG,2019,4.56,,44.9,,3232113.0,13604.978943194,,6.8
Mozambique,MOZ,2019,2.78,,87.2,,29884380.0,1388.79707034446,81.6,
Myanmar,MMR,2019,,,,,52640713.0,6101.37245765709,,22.2
Oman,OMN,2019,2.49,,,,4591241.0,37250.6110788359,,
Peru,PER,2019,3.25,,31.3,,32449303.0,13563.5372933551,5.4,36.9
Thailand,THA,2019,,,,,71522271.0,19963.3918407099,0.1,5.4
United States,USA,2019,2.2,,4.7,,337790067.0,65227.9565911038,1.0,8.2
Armenia,ARM,2020,3.54,,56.5,,2890892.0,14706.3173043422,1.5,8.3
Belarus,BLR,2020,3.22,,1.9,,9350944.0,24872.3066744528,0.0,1.4
Brazil,BRA,2020,3.69,,20.8,,208660842.0,16101.6183063466,2.8,19.4
Central African Republic,CAF,2020,3.35,,86.4,,5026628.0,1066.29005423151,,88.1
Comoros,COM,2020,4.37,,55.4,,802163.0,3261.59496762747,8.9,79.7
"Congo, Rep.",COG,2020,3.43,,76.2,,5752791.0,4770.96449758365,,
Honduras,HND,2020,3.77,,44.4,,10119640.0,5384.69831983038,,48.4
Hungary,HUN,2020,3.69,,35.3,,9749457.0,35583.5855675637,,10.6
"Iran, Islamic Rep.",IRN,2020,3.15,,41.8,,87723443.0,15119.3058859964,4.6,42.4
Japan,JPN,2020,5.8,,14.8,,126304543.0,43560.021428549,1.2,3.8
Kuwait,KWT,2020,2.22,,,,4400144.0,41461.7235642777,,12.2
Mauritania,MRT,2020,4.13,,52.2,,4600131.0,5740.73959690131,,45.3
Morocco,MAR,2020,2.47,,14.4,,36584208.0,7704.84912109375,,
Namibia,NAM,2020,3.52,,50.8,,2728762.0,9354.13136713077,,57.9
Netherlands,NLD,2020,2.5,,1.8,,17636731.0,62596.6302027524,0.0,4.4
New Zealand,NZL,2020,2.83,,,,5069895.0,45574.965884882,,14.5
Norway,NOR,2020,3.62,,1.8,,5379274.0,69779.2862630574,0.3,4.3
Russian Federation,RUS,2020,2.57,,18.5,,146371299.0,31490.8046875,0.1,5.5
Seychelles,SYC,2020,3.46,,45.5,,120291.0,31055.9442055039,,
Slovenia,SVN,2020,2.98,,2.4,,2102419.0,41767.2579899957,0.0,7.4
Sudan,SDN,2020,,,,,46789231.0,3348.57836914063,,
Sweden,SWE,2020,3.0,,3.6,,10353686.0,57396.2588780383,0.5,5.3
Switzerland,CHE,2020,2.59,,1.6,,8640582.0,74384.6631232325,0.1,2.2
Uganda,UGA,2020,2.9,,75.1,,44457152.0,2532.21950102069,,69.8
Zimbabwe,ZWE,2020,,,,,15526888.0,4178.509676231,,73.0
Albania,ALB,2021,3.49,0.08,16.0,0.17,2849635.0,18212.794718288,,30.2
Australia,AUS,2021,2.61,0.06,3.6,0.28,25956417.0,58327.4146842325,,11.4
Azerbaijan,AZE,2021,3.45,0.1,1.4,0.13,10234371.0,20111.3756952109,,10.1
Barbados,BRB,2021,,,,,282147.0,17686.7469386289,,31.1
Benin,BEN,2021,3.07,0.26,62.2,0.19,13413417.0,3464.2886286745,27.2,62.7
Bhutan,BTN,2021,5.14,0.15,21.3,0.19,775442.0,13458.812666743,,
Bulgaria,BGR,2021,3.93,0.09,35.0,0.22,6877225.0,30958.9830238332,1.2,15.8
Cayman Islands,CYM,2021,4.09,0.13,,0.22,70108.0,74160.4914000191,,
Chile,CHL,2021,3.87,0.09,44.5,0.27,19456334.0,29106.6356522053,,18.2
Cyprus,CYP,2021,3.1,0.11,2.6,0.23,1317309.0,47632.5703125,0.0,
Denmark,DNK,2021,2.49,0.04,0.9,0.26,5856776.0,69327.998216527,0.2,6.8
Dominica,DMA,2021,5.26,0.19,,0.31,67202.0,15808.9743503945,,34.4
El Salvador,SLV,2021,,0.27,,,6255782.0,10809.713399518,5.1,48.4
Ireland,IRL,2021,2.29,0.09,2.2,0.25,5028426.0,116702.85817485,0.1,5.4
Kenya,KEN,2021,3.42,0.29,78.0,0.11,53219166.0,5338.85243382781,46.4,72.3
Lebanon,LBN,2021,3.71,0.19,22.9,0.11,5718122.0,11599.7755083765,,36.5
Mauritius,MUS,2021,3.77,0.1,21.3,0.34,1279623.0,23010.2013826906,,32.0
Sint Maarten,SXM,2021,4.82,,,,41571.0,40507.0672411717,,
"Somalia, Fed. Rep.",SOM,2021,,0.92,,0.19,17271431.0,1392.31782053371,,79.5
Sri Lanka,LKA,2021,4.27,0.16,33.8,0.23,22700372.0,14316.1352225567,,10.9
Togo,TGO,2021,3.12,0.58,56.6,0.12,7936176.0,2952.09730066985,34.7,56.0
Trinidad and Tobago,TTO,2021,4.43,0.13,33.4,0.24,1487717.0,30482.1201798631,,
Belgium,BEL,2022,2.53,,0.8,,11641820.0,68878.9167847285,0.0,7.3
Belize,BLZ,2022,3.85,,16.8,,402733.0,13459.0765078205,,
Bermuda,BMU,2022,3.96,,,,64749.0,104909.257552793,,
"Congo, Dem. Rep.",COD,2022,3.37,,92.4,,102396968.0,1589.91203243059,,80.2
Ecuador,ECU,2022,3.2,,26.4,,17823897.0,15195.6639594842,4.4,36.9
"Egypt, Arab Rep.",EGY,2022,4.69,,30.7,,112618250.0,17524.0240491999,,29.8
Equatorial Guinea,GNQ,2022,4.43,,60.7,,1803545.0,18137.114494644,8.8,
Guinea,GIN,2022,4.14,,45.9,,14055137.0,4061.71755990026,,
Kazakhstan,KAZ,2022,2.88,,6.2,,20034609.0,35889.3953214448,,2.2
Kyrgyz Republic,KGZ,2022,3.7,,40.6,,6955788.0,6576.46977080639,4.5,7.0
Liberia,LBR,2022,3.94,,61.1,,5373294.0,1691.30467616419,,81.0
Madagascar,MDG,2022,3.65,,85.8,,30437261.0,1716.40079421689,,68.6
Malawi,MWI,2022,3.88,,89.8,,20568728.0,1778.02399491871,,81.7
Maldives,MDV,2022,3.74,,7.2,,524106.0,22876.8862033838,,13.4
Philippines,PHL,2022,3.97,,50.2,,113964338.0,10129.7407504053,,33.2
Qatar,QAT,2022,2.52,,1.8,,2892455.0,122901.018274888,,
Sierra Leone,SLE,2022,3.39,,63.6,,8276807.0,3143.46625292281,,88.6
St. Vincent and the Grenadines,VCT,2022,5.48,,,,102046.0,18032.4150562634,,
Turks and Caicos Islands,TCA,2022,,,,,45847.0,30216.0346068372,,
Zambia,ZMB,2022,3.61,,86.5,,20152938.0,3840.115825721,71.7,46.1
Armenia,ARM,2023,4.33,,57.4,,2943393.0,21551.7793903081,1.9,7.8
Belarus,BLR,2023,3.72,,1.1,,9115680.0,30859.5916206484,,1.1
Brazil,BRA,2023,4.55,,24.1,,211140729.0,21193.0721417478,3.8,13.5
Central African Republic,CAF,2023,4.13,,87.2,,5152421.0,1258.13048389217,,
Comoros,COM,2023,4.97,,49.8,,850387.0,3896.71858176845,,79.7
"Congo, Rep.",COG,2023,4.33,,78.2,,6182885.0,6855.92386613313,,
Honduras,HND,2023,4.64,,39.9,,10644851.0,7184.25562362375,17.0,41.3
Hungary,HUN,2023,5.4,,30.5,,9686463.0,46376.1979062264,,15.6
"Iran, Islamic Rep.",IRN,2023,4.52,,38.5,,90608707.0,18932.6833817658,2.5,38.8
Japan,JPN,2023,7.48,,13.3,,124370947.0,52726.2389417641,,5.8
Kuwait,KWT,2023,2.93,,,,4838782.0,53083.3848600632,,8.4
Mauritania,MRT,2023,5.28,,53.8,,5022441.0,6971.65100210032,,66.3
Morocco,MAR,2023,3.45,,13.9,,37712505.0,9902.8056640625,,
Namibia,NAM,2023,4.5,,48.1,,2963095.0,11247.8071969605,,55.9
Netherlands,NLD,2023,3.38,,1.1,,18092524.0,80391.6029350952,,7.5
New Zealand,NZL,2023,3.59,,,,5172836.0,54949.699278118,,17.3
Norway,NOR,2023,4.51,,1.3,,5519167.0,107767.977198972,0.2,7.8
Russian Federation,RUS,2023,3.14,,14.9,,145440500.0,44298.67578125,0.1,2.8
Seychelles,SYC,2023,4.22,,51.2,,127951.0,31893.9628108379,,
Slovenia,SVN,2023,3.97,,2.4,,2118396.0,56150.6852244867,0.0,8.2
Sudan,SDN,2023,,,,,50042791.0,2422.6533203125,,
Sweden,SWE,2023,4.06,,4.9,,10551494.0,68457.9015289277,0.8,6.9
Switzerland,CHE,2023,3.01,,1.1,,8870561.0,93939.7784980038,,2.0
Uganda,UGA,2023,3.68,,76.4,,48656601.0,3100.19016956104,,54.6
Zimbabwe,ZWE,2023,,,,,16340822.0,5795.99047011573,,68.8
Antigua and Barbuda,ATG,2024,5.92,,,,93772.0,33351.5904481886,,
Argentina,ARG,2024,,,,,45696159.0,30475.3876517556,1.0,
Aruba,ABW,2024,5.3,,,,108066.0,51712.1531358934,,
Austria,AUT,2024,3.19,,2.9,,9120813.0,75774.4136543206,,
Botswana,BWA,2024,4.21,,59.0,,2521139.0,20612.4785435561,,
British Virgin Islands,VGB,2024,5.96,,,,39471.0,,,
Cameroon,CMR,2024,4.36,,55.0,,29123744.0,5597.10321648993,,
Colombia,COL,2024,4.9,,36.6,,52886363.0,22439.4001359818,8.5,
Croatia,HRV,2024,4.89,,12.9,,3875325.0,49550.8073348367,,
Ethiopia,ETH,2024,4.67,,70.9,,132059767.0,3292.3093336937,,
Guinea-Bissau,GNB,2024,4.09,,65.5,,2201352.0,3093.46533465682,,
Montenegro,MNE,2024,4.96,,8.0,,638479.0,34062.8241865953,,
Niger,NER,2024,4.98,,86.7,,27032412.0,2044.04904937758,,
Romania,ROU,2024,4.12,,20.7,,19015088.0,49076.7137157187,,
Serbia,SRB,2024,5.58,,9.4,,8421006.0,32832.274492238,,
Slovak Republic,SVK,2024,4.49,,27.7,,5506760.0,47846.6169154961,,
United Arab Emirates,ARE,2024,3.22,,2.0,,11027129.0,79343.7793099888,,
Uruguay,URY,2024,4.41,,33.2,,3386588.0,36596.7847357669,0.2,
Uzbekistan,UZB,2024,4.67,,10.5,,36361859.0,12518.4323028403,2.7,
Antigua and Barbuda,ATG,2025,6.05,,,,94209.0,35832.4795485115,,
Argentina,ARG,2025,,,,,45851378.0,32586.6312086783,,
Aruba,ABW,2025,5.49,,,,108147.0,,,
Austria,AUT,2025,3.28,,2.9,,9113574.0,76777.5421537618,,
Botswana,BWA,2025,4.44,,59.9,,2562122.0,20697.9104661898,,
British Virgin Islands,VGB,2025,6.42,,,,39732.0,,,
Cameroon,CMR,2025,4.58,,55.3,,29879337.0,5787.85440270861,,
Colombia,COL,2025,5.04,,35.9,,53425635.0,22640.4224606513,,
Croatia,HRV,2025,5.09,,12.0,,3848160.0,50946.1671131832,,
Ethiopia,ETH,2025,4.75,,67.9,,135472051.0,3621.67487597821,,
Guinea-Bissau,GNB,2025,4.38,,66.4,,2249515.0,3293.09532269486,,
Montenegro,MNE,2025,5.08,,7.5,,632729.0,35422.6449824931,,
Niger,NER,2025,5.01,,85.8,,27917831.0,2177.25014417163,,
Romania,ROU,2025,4.21,,20.1,,18908650.0,50895.081617639,,
Serbia,SRB,2025,5.74,,8.5,,8363164.0,33909.7605745332,,
Slovak Republic,SVK,2025,4.57,,27.2,,5474881.0,49308.7048471448,,
United Arab Emirates,ARE,2025,3.27,,1.9,,11346000.0,,,
Uruguay,URY,2025,4.54,,32.0,,3384688.0,38314.8861221656,,
Uzbekistan,UZB,2025,4.6,,6.2,,37053428.0,13601.2917473678,2.3,
Bahrain,BHR,2017,3.04,,,,1481995.0,50184.5005767301,,
Burundi,BDI,2017,3.4,,90.6,,11506762.0,791.393494929898,,
Cambodia,KHM,2017,3.55,,,,16073372.0,5050.06356615113,,36.9
China,CHN,2017,2.62,,28.8,,1412354727.0,15022.4371883124,1.6,
Cote d'Ivoire,CIV,2017,2.66,,56.4,,26733372.0,4690.17801861096,,37.0
Gabon,GAB,2017,3.24,,32.8,,2156900.0,14796.6286374171,3.8,
Jamaica,JAM,2017,4.88,,31.1,,2815764.0,10466.4876782146,,46.9
Jordan,JOR,2017,2.88,,2.6,,10234226.0,10140.0335144087,,
Malta,MLT,2017,3.35,,5.6,,467902.0,45763.6968096243,0.2,5.0
Mongolia,MNG,2017,4.11,,51.9,,3104364.0,11096.0375604239,,
Mozambique,MOZ,2017,2.74,,85.9,,28166393.0,1282.74965991801,,
Myanmar,MMR,2017,,,,,51894938.0,4706.43248949598,10.3,
Oman,OMN,2017,2.29,,,,4537396.0,33619.4988982607,,
Peru,PER,2017,3.25,,36.0,,31324637.0,12591.8562879234,7.3,35.0
Thailand,THA,2017,,,,,71160187.0,17573.339815536,0.1,
United States,USA,2017,2.17,,5.8,,332204660.0,60047.7190728307,1.3,8.9
Albania,ALB,2018,3.13,,20.9,,2894231.0,15055.3473824585,1.0,37.1
Australia,AUS,2018,2.36,,3.8,,25119706.0,50371.233830782,0.6,13.3
Azerbaijan,AZE,2018,2.95,,1.3,,10039784.0,15282.9995232298,,9.6
Barbados,BRB,2018,,,,,280711.0,19774.263591082,,
Benin,BEN,2018,2.87,,71.3,,12383347.0,2965.30628143664,37.2,65.8
Bhutan,BTN,2018,4.32,,14.5,,759759.0,11969.5615003305,,
Bulgaria,BGR,2018,3.47,,43.4,,7024745.0,23997.7941525242,1.5,12.5
Cayman Islands,CYM,2018,3.64,,,,65941.0,71811.8917405219,,
Chile,CHL,2018,3.52,,47.9,,18893191.0,25305.0903462611,,15.3
Cyprus,CYP,2018,2.93,,3.3,,1270737.0,40262.48828125,0.1,
Denmark,DNK,2018,2.26,,1.2,,5793824.0,57233.6231685618,0.2,5.2
Dominica,DMA,2018,4.43,,,,68174.0,15069.8972415303,,
El Salvador,SLV,2018,,,,,6219807.0,9203.76216310773,4.1,42.2
Ireland,IRL,2018,2.27,,2.9,,4872556.0,86368.9782047908,0.1,7.2
Kenya,KEN,2018,2.62,,69.8,,50207107.0,4411.56104120886,,64.4
Lebanon,LBN,2018,1.86,,0.1,,5984119.0,21985.4884702241,,14.7
Mauritius,MUS,2018,3.41,,16.9,,1288833.0,23415.5237589118,,20.7
Sint Maarten,SXM,2018,4.58,,,,39712.0,41653.2008964784,,
"Somalia, Fed. Rep.",SOM,2018,,,,,15452487.0,1551.52773977473,,
Sri Lanka,LKA,2018,3.81,,29.3,,22253118.0,14178.0225361835,,7.6
Togo,TGO,2018,2.6,,56.7,,7458206.0,2288.9476039266,35.3,59.6
Trinidad and Tobago,TTO,2018,3.87,,28.5,,1470518.0,28673.2413951653,,
Angola,AGO,2019,3.43,,66.8,,32375632.0,8621.65930812477,,73.5
Brunei Darussalam,BRN,2019,4.36,,,,442680.0,69353.6799514849,,
Burkina Faso,BFA,2019,2.72,,62.6,,20961952.0,2232.16282016585,,39.5
Cabo Verde,CPV,2019,2.86,,52.3,,514104.0,8645.75646859343,,35.1
Canada,CAN,2019,3.19,,3.0,,37782935.0,50499.0822425462,0.4,5.8
Chad,TCD,2019,2.8,,59.6,,16685223.0,2351.65339767739,,75.9
Costa Rica,CRI,2019,3.67,,54.7,,4999553.0,23461.2875330597,1.7,15.3
Estonia,EST,2019,3.35,,10.1,,1326822.0,40586.3784378888,0.7,7.9
Eswatini,SWZ,2019,3.35,,67.1,,1179874.0,9248.32206714455,,
Finland,FIN,2019,2.72,,1.0,,5521759.0,52276.1115723992,0.0,8.0
France,FRA,2019,2.83,,3.8,,65729459.0,51130.4723140578,0.1,5.8
"Gambia, The",GMB,2019,2.98,,42.1,,2456844.0,2421.72318070615,,56.0
Grenada,GRD,2019,4.44,,22.2,,115981.0,16446.1138871871,,23.6
Guyana,GUY,2019,5.06,,76.9,,807665.0,13240.9713761155,,
India,IND,2019,3.01,,52.9,,1389030312.0,6945.40309824538,,
Iraq,IRQ,2019,3.5,,21.0,,41192171.0,12248.5917385963,,
Israel,ISR,2019,2.6,,22.0,,8657474.0,41176.910821106,0.9,12.2
Italy,ITA,2019,3.01,,9.2,,60130136.0,46661.9105159611,1.0,
Latvia,LVA,2019,3.19,,22.0,,1914263.0,32199.0960377091,0.3,10.2
Lithuania,LTU,2019,3.05,,15.0,,2795058.0,40563.8304884555,0.6,11.3
Malaysia,MYS,2019,3.3,,3.0,,33440596.0,28933.928297233,,14.9
Panama,PAN,2019,3.78,,49.1,,4234700.0,33239.7332311641,2.9,
Paraguay,PRY,2019,3.71,,25.0,,6515058.0,14149.5985227505,2.4,24.0
Poland,POL,2019,3.25,,12.2,,38225885.0,35882.3655065553,0.1,5.8
Portugal,PRT,2019,2.85,,15.1,,10343213.0,37865.5603564295,0.2,11.5
Rwanda,RWA,2019,2.99,,75.1,,12776103.0,2374.40565682007,,
Saudi Arabia,SAU,2019,2.48,,,,30472811.0,59560.2537904546,,
South Africa,ZAF,2019,2.94,,58.6,,59587885.0,13361.4851289112,,18.2
St. Kitts and Nevis,KNA,2019,3.65,,,,46952.0,32482.094417215,,21.1
Tajikistan,TJK,2019,,,,,9529966.0,3459.97365083434,,28.7
Viet Nam,VNM,2019,3.47,,8.4,,97173776.0,11029.2732083963,,6.5
West Bank and Gaza,PSE,2019,2.76,,6.6,,4957768.0,6508.44835080318,,27.8
Antigua and Barbuda,ATG,2020,4.67,,,,91846.0,22370.0918693813,,
Argentina,ARG,2020,,,,,45191965.0,22393.3479575353,2.2,36.9
Aruba,ABW,2020,4.29,,,,107400.0,28733.6045108643,,
Austria,AUT,2020,2.31,,2.5,,8921405.0,58523.0337816246,0.7,3.3
Botswana,BWA,2020,3.21,,59.5,,2365894.0,15292.2624673252,,55.6
British Virgin Islands,VGB,2020,3.74,,,,37135.0,,,
Cameroon,CMR,2020,3.1,,52.1,,26210558.0,4365.44704128392,,56.5
Colombia,COL,2020,3.15,,44.9,,50629997.0,15519.2101694656,15.8,30.5
Croatia,HRV,2020,3.53,,23.0,,3953958.0,31594.0082486835,0.4,11.4
Ethiopia,ETH,2020,3.52,,70.9,,118917671.0,2406.78938480121,,56.2
Guinea-Bissau,GNB,2020,3.24,,65.1,,2013255.0,2339.79956661743,,62.3
Montenegro,MNE,2020,3.43,,16.7,,607935.0,20624.7887553398,2.2,14.0
Niger,NER,2020,3.6,,85.4,,23717613.0,1486.34386700631,,50.2
Romania,ROU,2020,3.17,,36.2,,19392469.0,34193.845654499,2.4,13.4
Serbia,SRB,2020,3.86,,13.0,,8659229.0,21013.0562995823,2.0,14.1
Slovak Republic,SVK,2020,2.89,,23.0,,5455024.0,35327.9439165588,0.3,7.7
United Arab Emirates,ARE,2020,2.85,,2.9,,9448524.0,66790.6630877602,,
Uruguay,URY,2020,3.45,,37.6,,3398968.0,25725.2559304608,0.3,14.1
Uzbekistan,UZB,2020,3.97,,21.5,,33586372.0,8920.32011703083,,23.6
Algeria,DZA,2021,4.47,0.14,43.0,0.16,44761099.0,14496.8654697299,,19.4
"Bahamas, The",BHS,2021,4.28,,,,396373.0,31064.6822166194,,17.2
Bolivia,BOL,2021,3.96,0.37,8.9,0.18,11937360.0,11202.4409836707,3.1,
Bosnia and Herzegovina,BIH,2021,4.54,0.1,14.8,0.26,3244907.0,18286.6614977175,0.3,13.4
Haiti,HTI,2021,4.88,,82.5,,11374586.0,3116.56505397604,,82.6
Iceland,ISL,2021,2.77,0.05,2.1,0.29,372644.0,62720.7916832797,,6.1
Lao PDR,LAO,2021,4.33,0.38,56.6,0.17,7453194.0,8080.43553249923,,34.1
Luxembourg,LUX,2021,2.65,0.04,2.3,0.27,640274.0,136772.443753292,0.1,2.7
Mali,MLI,2021,3.16,0.31,59.4,0.15,22388630.0,2796.22793795431,36.1,20.6
Nigeria,NGA,2021,3.76,0.52,78.5,0.21,218529286.0,7588.47885587002,,69.7
North Macedonia,MKD,2021,3.84,0.08,18.5,0.2,1851108.0,22144.1924252732,,24.0
Sao Tome and Principe,STP,2021,3.8,0.2,45.5,0.29,221961.0,5732.69456061536,,54.6
Senegal,SEN,2021,3.04,0.29,47.9,0.21,17220867.0,4173.67741399617,17.9,30.3
South Sudan,SSD,2021,3.9,0.26,93.4,0.18,10865780.0,,,87.3
St. Lucia,LCA,2021,4.57,0.17,9.1,0.28,178522.0,19141.3272253168,,
Suriname,SUR,2021,5.44,0.13,27.3,0.27,617896.0,18458.234999681,,35.8
Tanzania,TZA,2021,2.79,1.1,73.6,0.08,62830412.0,3493.0830078125,,58.7
United Kingdom,GBR,2021,1.9,0.04,3.1,0.23,67668792.0,51840.4424245515,0.4,4.1
Bangladesh,BGD,2022,4.13,,43.3,,169384897.0,8449.20977931373,5.9,
Curacao,CUW,2022,4.45,,,,185345.0,28636.1483744106,,
Czechia,CZE,2022,3.42,,5.5,,10673213.0,52946.9660854462,0.0,10.0
Djibouti,DJI,2022,4.33,,55.8,,1137096.0,6620.28103140186,,49.2
Dominican Republic,DOM,2022,4.87,,23.9,,11230734.0,24621.9061494267,1.0,46.1
Fiji,FJI,2022,4.12,,63.8,,919422.0,12980.234013809,,29.2
Germany,DEU,2022,3.59,,5.0,,84086227.0,69669.6495435563,0.7,4.0
Ghana,GHA,2022,3.83,,64.7,,33149152.0,7207.01563645025,,42.4
Greece,GRC,2022,3.79,,25.5,,10412480.0,39447.813910406,0.6,6.4
Guatemala,GTM,2022,4.43,,49.2,,17847877.0,13008.2565459863,,52.4
"Hong Kong SAR, China",HKG,2022,4.65,,,,7465915.0,68590.1858741565,,
Indonesia,IDN,2022,4.39,,72.0,,278830529.0,14282.6654124401,7.9,4.7
"Korea, Rep.",KOR,2022,6.25,,5.9,,51782512.0,55509.3368761174,,5.7
Lesotho,LSO,2022,4.68,,76.5,,2286110.0,2760.87343646139,,57.4
Mexico,MEX,2022,3.78,,25.2,,128613117.0,23135.4931593441,2.3,20.7
Moldova,MDA,2022,3.42,,14.6,,3039985.0,16442.1034354056,0.0,24.7
Nepal,NPL,2022,3.88,,22.7,,29715436.0,5102.18358728663,2.4,37.0
Nicaragua,NIC,2022,4.59,,27.9,,6730654.0,7795.45560731699,,
Pakistan,PAK,2022,3.7,,64.5,,243700667.0,5919.33605935593,,41.7
Singapore,SGP,2022,3.31,,,,5649885.0,144417.646950009,,7.7
Spain,ESP,2022,3.45,,9.5,,47828382.0,51482.523634807,0.8,6.9
Syrian Arab Republic,SYR,2022,5.96,,70.7,,22462173.0,4905.15252202552,18.0,
Tunisia,TUN,2022,4.38,,7.6,,12119334.0,13616.380720945,,26.7
Antigua and Barbuda,ATG,2023,5.8,,,,93316.0,31892.5519402733,,13.5
Argentina,ARG,2023,,,,,45538401.0,30246.4069577192,1.2,33.8
Aruba,ABW,2023,5.18,,,,107939.0,47521.8765471843,,
Austria,AUT,2023,3.12,,2.8,,9130429.0,74261.1961105071,0.5,4.7
Botswana,BWA,2023,4.01,,58.7,,2480244.0,21029.4218686605,,53.9
British Virgin Islands,VGB,2023,5.61,,,,38985.0,,,
Cameroon,CMR,2023,4.2,,55.0,,28372687.0,5415.22890256369,,61.2
Colombia,COL,2023,4.82,,39.3,,52321152.0,21281.7475207548,8.6,27.8
Croatia,HRV,2023,4.82,,14.3,,3896023.0,47759.6272293173,0.3,6.0
Ethiopia,ETH,2023,4.45,,72.3,,128691692.0,3063.42789983124,,61.4
Guinea-Bissau,GNB,2023,3.98,,66.6,,2153339.0,2955.52345541775,,
Montenegro,MNE,2023,5.04,,10.2,,633552.0,31862.873635118,,10.4
Niger,NER,2023,4.68,,87.5,,26159867.0,1902.69710752042,,50.9
Romania,ROU,2023,4.15,,22.7,,19118479.0,45981.6373404846,0.7,18.6
Serbia,SRB,2023,5.56,,10.3,,8473232.0,29776.9743496564,1.1,9.5
Slovak Republic,SVK,2023,4.41,,29.2,,5518055.0,45864.6125430469,0.5,7.5
United Arab Emirates,ARE,2023,3.11,,2.0,,10642081.0,78019.5228244288,,3.6
Uruguay,URY,2023,4.29,,35.4,,3388081.0,34545.6803727886,0.2,16.2
Uzbekistan,UZB,2023,4.78,,13.6,,35652307.0,11678.6257366395,4.1,24.4
Armenia,ARM,2024,4.37,,46.6,,2973840.0,22856.32510991,0.8,
Belarus,BLR,2024,3.83,,0.7,,9056696.0,33166.3827902975,,
Brazil,BRA,2024,4.69,,21.4,,211998573.0,22370.9182253225,3.0,
Central African Republic,CAF,2024,4.25,,87.5,,5330690.0,1264.93671692975,,
Comoros,COM,2024,5.24,,48.5,,866628.0,4047.95264193561,5.1,
"Congo, Rep.",COG,2024,4.43,,78.1,,6332961.0,7003.66225819816,,
Honduras,HND,2024,4.75,,35.2,,10825703.0,7502.56902428309,15.7,
Hungary,HUN,2024,5.25,,30.0,,9676135.0,48540.1614792293,,
"Iran, Islamic Rep.",IRN,2024,4.45,,35.7,,91567738.0,19902.7484779621,,
Japan,JPN,2024,7.79,,13.3,,123753041.0,54156.2687689605,,
Kuwait,KWT,2024,3.09,,,,4934507.0,53119.3783662664,,
Mauritania,MRT,2024,5.4,,51.7,,5169395.0,7379.45422386145,,
Morocco,MAR,2024,3.54,,13.1,,38081173.0,10430.2490234375,,
Namibia,NAM,2024,4.67,,47.8,,3030131.0,11697.9201596588,,
Netherlands,NLD,2024,3.45,,1.1,,18228742.0,85218.3689343246,,
New Zealand,NZL,2024,3.54,,,,5213944.0,55793.9990422226,,
Norway,NOR,2024,4.67,,1.2,,5576660.0,105657.0339185,,
Russian Federation,RUS,2024,3.27,,12.8,,144820423.0,47686.06640625,,
Seychelles,SYC,2024,4.31,,45.2,,130418.0,33339.491987317,,
Slovenia,SVN,2024,4.02,,2.3,,2118697.0,57570.5904042272,,
Sudan,SDN,2024,,,,,50448963.0,2118.88891601563,,
Sweden,SWE,2024,4.09,,4.8,,10606999.0,71221.9379308266,,
Switzerland,CHE,2024,3.16,,1.1,,8921981.0,97467.7447151829,,
Uganda,UGA,2024,3.65,,74.4,,50015092.0,3278.02086557843,,
Zimbabwe,ZWE,2024,,,,,16634373.0,5932.87021993648,,
Armenia,ARM,2025,4.56,,44.0,,2952365.0,24754.2118320452,,
Belarus,BLR,2025,4.01,,0.6,,8997603.0,34715.9778689211,,
Brazil,BRA,2025,4.89,,21.1,,212812405.0,23433.2897595431,,
Central African Republic,CAF,2025,4.34,,87.6,,5513282.0,1313.8765680523,,
Comoros,COM,2025,5.47,,48.6,,882847.0,4238.26133409182,,
"Congo, Rep.",COG,2025,4.48,,77.3,,6484437.0,7248.44439070757,,
Honduras,HND,2025,4.85,,34.2,,11005850.0,7871.09129065536,,
Hungary,HUN,2025,5.36,,29.8,,9632287.0,49837.6008411067,,
"Iran, Islamic Rep.",IRN,2025,4.8,,37.4,,92417681.0,19699.2193549189,,
Japan,JPN,2025,8.27,,13.2,,123103479.0,55421.8797530311,,
Kuwait,KWT,2025,3.26,,,,5026078.0,56467.7272075432,,
Mauritania,MRT,2025,5.57,,50.9,,5315065.0,7675.51996658445,,
Morocco,MAR,2025,3.64,,12.4,,38430770.0,11111.7080078125,,
Namibia,NAM,2025,4.88,,47.9,,3092816.0,11985.7200318677,,
Netherlands,NLD,2025,3.56,,1.1,,18346819.0,87320.1477254029,,
New Zealand,NZL,2025,3.71,,,,5251899.0,57350.3627657521,,
Norway,NOR,2025,4.91,,1.2,,5623071.0,104043.666429243,,
Russian Federation,RUS,2025,3.39,,12.4,,143997393.0,49568.140625,,
Seychelles,SYC,2025,4.4,,43.3,,132779.0,35854.0281615068,,
Slovenia,SVN,2025,4.26,,2.3,,2117072.0,59244.7106359661,,
Sudan,SDN,2025,,,,,51662147.0,2192.27221679688,,
Sweden,SWE,2025,4.35,,4.9,,10656633.0,72528.8892631159,,
Switzerland,CHE,2025,3.22,,1.1,,8967407.0,102513.347221899,,
Uganda,UGA,2025,3.74,,73.6,,51384894.0,3487.69797525182,,
Zimbabwe,ZWE,2025,,,,,16950795.0,6470.41613223905,,
Armenia,ARM,2017,3.22,,51.4,,2914963.0,12066.0043093819,2.4,17.1
Belarus,BLR,2017,3.13,,4.7,,9495790.0,18413.747563367,0.0,
Brazil,BRA,2017,3.15,,28.8,,204703445.0,14559.0488897004,7.0,15.5
Central African Republic,CAF,2017,2.92,,86.1,,4793511.0,883.810734876066,,
Comoros,COM,2017,4.47,,59.2,,756669.0,3347.45652997484,,
"Congo, Rep.",COG,2017,3.04,,73.3,,5351011.0,4444.63900215824,,
Honduras,HND,2017,3.69,,40.6,,9588137.0,5620.65455247733,19.3,41.1
Hungary,HUN,2017,3.36,,41.0,,9785604.0,29728.0121568801,0.9,8.8
"Iran, Islamic Rep.",IRN,2017,3.01,,29.9,,85026754.0,15719.416701551,2.7,42.4
Japan,JPN,2017,5.48,,13.7,,127064690.0,42346.876013211,0.6,3.2
Kuwait,KWT,2017,2.13,,,,4154685.0,46565.5499504554,,12.3
Mauritania,MRT,2017,3.86,,49.8,,4210600.0,5353.06608810409,,32.3
Morocco,MAR,2017,2.63,,13.7,,35446392.0,8115.12060546875,,
Namibia,NAM,2017,3.26,,45.4,,2506853.0,9887.9393548255,,55.3
Netherlands,NLD,2017,2.21,,1.9,,17315370.0,56037.567993606,0.2,5.1
New Zealand,NZL,2017,2.65,,,,4812752.0,42205.9071706198,,13.3
Norway,NOR,2017,3.32,,1.9,,5276802.0,66828.7790099243,0.3,4.8
Russian Federation,RUS,2017,2.25,,22.9,,146186799.0,25777.904296875,0.4,7.9
Seychelles,SYC,2017,3.53,,46.5,,112427.0,30674.6487335442,,14.3
Slovenia,SVN,2017,2.6,,4.7,,2062410.0,36180.0384547624,0.0,11.2
Sudan,SDN,2017,,,,,42714306.0,4252.42138671875,,
Sweden,SWE,2017,2.71,,4.2,,10057862.0,51386.5907915775,0.3,5.4
Switzerland,CHE,2017,2.39,,1.9,,8453628.0,69317.5993921633,0.0,3.1
Uganda,UGA,2017,3.12,,77.2,,40177388.0,2157.95747503369,,76.0
Zimbabwe,ZWE,2017,,,,,14812482.0,10756.4454416985,44.7,67.0
Bangladesh,BGD,2018,3.26,,58.5,,163523103.0,5490.15881865179,,
Curacao,CUW,2018,3.13,,,,181583.0,24623.0413085512,,
Czechia,CZE,2018,2.83,,5.1,,10548937.0,41638.1831076596,0.0,3.8
Djibouti,DJI,2018,3.08,,55.7,,1071882.0,5083.11077030183,,
Dominican Republic,DOM,2018,3.48,,22.6,,10782053.0,17994.8382742736,1.1,52.6
Fiji,FJI,2018,3.27,,52.5,,917180.0,12984.2072545454,,
Germany,DEU,2018,2.77,,2.5,,83368505.0,56320.6026829454,0.1,3.5
Ghana,GHA,2018,3.51,,66.1,,30637585.0,5536.49795400218,,39.5
Greece,GRC,2018,2.99,,33.3,,10730844.0,29792.0592519585,0.2,13.3
Guatemala,GTM,2018,3.13,,46.6,,16845685.0,9946.80252245268,,45.2
"Hong Kong SAR, China",HKG,2018,3.44,,,,7471194.0,60900.2752924537,,
Indonesia,IDN,2018,3.68,,71.7,,269951846.0,11372.0971987612,12.5,7.0
"Korea, Rep.",KOR,2018,4.92,,10.3,,51640894.0,45511.0803506331,0.2,5.2
Lesotho,LSO,2018,3.63,,71.5,,2183603.0,2632.28775223004,,49.7
Mexico,MEX,2018,2.97,,30.4,,124573711.0,20921.4775294879,3.9,23.8
Moldova,MDA,2018,2.47,,9.3,,3153773.0,11868.1955463223,0.0,27.5
Nepal,NPL,2018,3.32,,28.9,,28079689.0,3956.12461094443,,33.8
Nicaragua,NIC,2018,3.73,,27.5,,6400080.0,5935.16693631386,,
Pakistan,PAK,2018,2.91,,58.0,,226928892.0,4979.3734961655,16.5,14.2
Singapore,SGP,2018,2.86,,,,5634369.0,104198.419110899,,4.7
Spain,ESP,2018,2.57,,12.0,,47092821.0,41015.1565755187,1.0,8.6
Syrian Arab Republic,SYR,2018,2.55,,44.2,,19577845.0,3455.89168825346,,
Tunisia,TUN,2018,3.72,,7.6,,11765514.0,11841.4061980603,,22.1
Antigua and Barbuda,ATG,2019,4.38,,,,91364.0,26550.589844733,,
Argentina,ARG,2019,,,,,44973465.0,23516.8261980886,1.7,35.8
Aruba,ABW,2019,4.28,,,,107076.0,38554.7167828184,,
Austria,AUT,2019,2.19,,2.8,,8880876.0,60354.9279422121,0.6,3.0
Botswana,BWA,2019,3.04,,59.4,,2332083.0,15960.0156143903,,54.0
British Virgin Islands,VGB,2019,3.61,,,,36395.0,,,
Cameroon,CMR,2019,2.9,,50.8,,25506095.0,4241.11174920592,,56.4
Colombia,COL,2019,2.95,,37.7,,49907985.0,16181.5908990662,11.3,28.5
Croatia,HRV,2019,3.44,,23.5,,3986334.0,33063.9987060793,0.4,11.0
Ethiopia,ETH,2019,3.27,,67.9,,115737383.0,2242.44488312932,,56.3
Guinea-Bissau,GNB,2019,3.14,,62.7,,1967696.0,2247.29524698075,,62.0
Montenegro,MNE,2019,3.49,,16.6,,611667.0,23705.3800229705,2.5,13.5
Niger,NER,2019,3.34,,84.2,,22947757.0,1367.56106521216,,50.1
Romania,ROU,2019,3.04,,43.4,,19501542.0,33425.1219389628,3.1,13.9
Serbia,SRB,2019,3.84,,15.6,,8721195.0,20587.2567440786,2.7,12.0
Slovak Republic,SVK,2019,2.69,,18.1,,5450626.0,33985.6758419661,0.2,6.0
United Arab Emirates,ARE,2019,2.87,,2.9,,9377847.0,79816.3029999451,,
Uruguay,URY,2019,3.08,,32.8,,3397206.0,25782.6937211734,0.1,14.0
Uzbekistan,UZB,2019,4.0,,20.1,,32964701.0,8909.36758868309,,19.7
Angola,AGO,2020,3.7,,69.6,,33451132.0,7782.15153413853,,77.7
Brunei Darussalam,BRN,2020,4.55,,,,447404.0,69787.9632795717,,
Burkina Faso,BFA,2020,2.8,,63.2,,21478690.0,2380.72282781802,,40.1
Cabo Verde,CPV,2020,2.83,,60.6,,514679.0,6852.57669930355,,35.4
Canada,CAN,2020,3.33,,1.4,,38171902.0,48590.748859725,0.1,6.5
Chad,TCD,2020,2.95,,62.2,,17224679.0,2185.99034173537,,72.2
Costa Rica,CRI,2020,3.56,,61.4,,5034320.0,22245.4328793441,3.4,15.9
Estonia,EST,2020,3.43,,9.2,,1329669.0,40672.1340402132,0.4,7.9
Eswatini,SWZ,2020,3.49,,68.1,,1192729.0,9329.30453360939,,59.4
Finland,FIN,2020,2.81,,0.8,,5529612.0,53296.5792798852,0.0,8.8
France,FRA,2020,2.94,,3.2,,65905277.0,49481.8044309655,0.1,5.9
"Gambia, The",GMB,2020,3.18,,44.8,,2515733.0,2530.80414937307,22.0,58.0
Grenada,GRD,2020,4.51,,29.4,,116341.0,14361.1267154452,,22.3
Guyana,GUY,2020,5.41,,58.0,,807481.0,16819.4228714695,,
India,IND,2020,3.23,,56.2,,1402617695.0,6766.06119055994,,
Iraq,IRQ,2020,3.5,,27.3,,42116605.0,10573.9304750715,,
Israel,ISR,2020,2.61,,21.8,,8800376.0,40969.2987342816,0.7,9.7
Italy,ITA,2020,3.09,,9.5,,59912769.0,44435.6434393527,0.9,
Latvia,LVA,2020,3.28,,20.4,,1901123.0,32741.4207691987,0.5,9.4
Lithuania,LTU,2020,3.07,,10.5,,2795765.0,41262.7276941725,0.5,9.8
Malaysia,MYS,2020,3.43,,3.6,,33889558.0,27474.7361378236,,15.4
Panama,PAN,2020,3.65,,55.6,,4293261.0,27017.0033688951,,
Paraguay,PRY,2020,3.73,,27.8,,6603739.0,14308.8787738328,2.6,25.3
Poland,POL,2020,3.38,,11.6,,38171012.0,37089.3004256812,0.2,7.4
Portugal,PRT,2020,2.87,,16.1,,10370519.0,35966.712796561,0.6,11.6
Rwanda,RWA,2020,3.3,,79.1,,13065837.0,2355.13640819609,,
Saudi Arabia,SAU,2020,2.43,,,,30991207.0,47518.4877485153,,
South Africa,ZAF,2020,3.0,,59.9,,60562381.0,12671.0862436851,,19.0
St. Kitts and Nevis,KNA,2020,3.81,,,,46870.0,27326.036057423,,21.1
Tajikistan,TJK,2020,,,,,9749310.0,3653.95976759112,,30.2
Viet Nam,VNM,2020,3.79,,9.2,,98079191.0,11609.3177276423,1.3,7.6
West Bank and Gaza,PSE,2020,2.77,,8.8,,5069692.0,5956.28620064819,,28.4
Belgium,BEL,2021,2.26,0.04,0.9,0.28,11570844.0,60669.2137746534,0.0,5.8
Belize,BLZ,2021,3.52,0.25,18.7,0.35,395346.0,11716.3267818656,,45.5
Bermuda,BMU,2021,3.55,0.19,,0.3,64648.0,92319.6714861222,,
"Congo, Dem. Rep.",COD,2021,3.41,0.66,93.2,0.1,99148932.0,1402.38560295221,,75.9
Ecuador,ECU,2021,2.91,0.2,27.9,0.15,17682454.0,13507.4445638375,5.3,37.3
"Egypt, Arab Rep.",EGY,2021,4.01,0.1,28.1,0.13,110957008.0,15579.0160861551,1.4,28.5
Equatorial Guinea,GNQ,2021,4.08,0.21,61.1,0.27,1758786.0,16821.4486470413,,
Guinea,GIN,2021,3.72,0.42,45.1,0.13,13710513.0,3738.8051255133,,
Kazakhstan,KAZ,2021,2.59,0.08,6.3,0.12,19743603.0,32945.8515725823,0.0,2.4
Kyrgyz Republic,KGZ,2021,3.36,0.18,41.9,0.14,6820479.0,5736.47883415154,5.6,6.9
Liberia,LBR,2021,3.67,0.76,66.3,0.28,5259323.0,1539.20892304674,,81.2
Madagascar,MDG,2021,3.34,0.6,85.6,0.12,29691083.0,1577.43246056529,69.2,64.9
Malawi,MWI,2021,3.43,0.43,88.9,0.12,20047258.0,1687.59358179651,,82.4
Maldives,MDV,2021,3.39,0.07,9.7,0.32,516154.0,19052.6224904311,,13.4
Philippines,PHL,2021,3.73,0.21,52.8,0.27,113100950.0,8857.78995115514,8.1,37.4
Qatar,QAT,2021,2.35,0.19,1.6,0.19,2814982.0,116832.570294098,,
Sierra Leone,SLE,2021,3.08,0.58,63.7,0.14,8094602.0,2849.38865839009,,89.2
St. Vincent and the Grenadines,VCT,2021,4.87,0.2,,0.31,102841.0,16200.8994597845,,
Turks and Caicos Islands,TCA,2021,,,,,45243.0,25056.4880515569,,
Zambia,ZMB,2021,3.28,0.9,86.1,0.09,19603607.0,3503.03491418372,,47.9
Albania,ALB,2022,4.17,,14.2,,2827608.0,22138.4966146921,,32.2
Australia,AUS,2022,2.96,,3.4,,26200984.0,66103.1797066957,,12.9
Azerbaijan,AZE,2022,3.92,,1.2,,10295304.0,22548.5145929929,,12.2
Barbados,BRB,2022,,,,,282318.0,21952.2087434223,,31.1
Benin,BEN,2022,3.25,,58.8,,13759501.0,3843.54493453525,,63.3
Bhutan,BTN,2022,5.48,,4.7,,780914.0,15061.4232582306,0.0,
Bulgaria,BGR,2022,4.77,,27.9,,6825864.0,36320.2814407535,1.1,14.8
Cayman Islands,CYM,2022,4.36,,,,71591.0,82193.1801927387,,
Chile,CHL,2022,4.46,,42.5,,19553036.0,30918.9258262719,0.6,17.6
Cyprus,CYP,2022,3.5,,2.3,,1331370.0,55876.3828125,0.0,
Denmark,DNK,2022,2.79,,1.9,,5902904.0,78554.1217617983,0.2,7.1
Dominica,DMA,2022,5.68,,,,66826.0,18799.1022306558,,34.4
El Salvador,SLV,2022,,,,,6280319.0,11874.0814242931,5.2,46.9
Ireland,IRL,2022,2.58,,1.7,,5110016.0,138464.829172919,0.2,4.2
Kenya,KEN,2022,3.87,,77.8,,54252461.0,5882.29066433207,45.5,72.8
Lebanon,LBN,2022,5.58,,36.9,,5744489.0,12290.8925567636,5.8,40.1
Mauritius,MUS,2022,4.21,,20.7,,1276130.0,26783.5527116445,,31.2
Sint Maarten,SXM,2022,4.89,,,,42139.0,48752.9549877316,,
"Somalia, Fed. Rep.",SOM,2022,,,,,17801897.0,1486.23689665021,,
Sri Lanka,LKA,2022,4.87,,40.5,,22834965.0,14191.4051912109,,11.4
Togo,TGO,2022,3.5,,57.4,,8068616.0,3305.92970304109,,57.0
Trinidad and Tobago,TTO,2022,4.98,,33.4,,1495921.0,32973.632075038,,27.6
Angola,AGO,2023,4.72,,71.8,,36749906.0,9549.79313920752,,
Brunei Darussalam,BRN,2023,5.67,,,,458949.0,85102.6867427911,,
Burkina Faso,BFA,2023,3.55,,65.3,,23025776.0,2761.57633646549,,41.4
Cabo Verde,CPV,2023,3.69,,54.0,,522331.0,10250.5950245626,,32.1
Canada,CAN,2023,4.22,,2.9,,39299105.0,64962.1919440095,,10.2
Chad,TCD,2023,3.77,,65.4,,19319064.0,2703.06889886705,,66.3
Costa Rica,CRI,2023,4.72,,52.5,,5105525.0,29247.8937202355,1.5,15.4
Estonia,EST,2023,4.55,,10.1,,1367196.0,48848.1421016254,0.3,10.8
Eswatini,SWZ,2023,4.47,,69.5,,1230506.0,11309.1967529876,,59.0
Finland,FIN,2023,3.78,,2.0,,5601185.0,63466.8356113767,0.2,13.4
France,FRA,2023,3.93,,3.7,,66438822.0,60927.0361517867,0.1,8.4
"Gambia, The",GMB,2023,4.13,,44.8,,2697845.0,3291.84381275128,,54.8
Grenada,GRD,2023,5.58,,24.2,,117081.0,18986.3762946619,,17.3
Guyana,GUY,2023,6.64,,15.2,,826353.0,54774.145474106,,25.5
India,IND,2023,3.86,,43.1,,1438069596.0,9853.04309264591,,
Iraq,IRQ,2023,3.97,,25.4,,45074049.0,14664.5981923773,0.5,
Israel,ISR,2023,3.41,,22.5,,9256314.0,55301.43606891,,9.2
Italy,ITA,2023,4.22,,8.6,,59499453.0,60349.664512107,0.9,1.7
Latvia,LVA,2023,4.78,,17.5,,1882396.0,42783.8260226567,0.4,11.2
Lithuania,LTU,2023,4.2,,14.0,,2854099.0,52720.0689650863,1.1,6.5
Malaysia,MYS,2023,4.15,,1.9,,35126298.0,36496.9483630681,,16.7
Panama,PAN,2023,4.2,,54.3,,4458759.0,39846.2245506562,3.7,
Paraguay,PRY,2023,4.71,,24.6,,6844146.0,17585.0746806625,2.4,
Poland,POL,2023,4.27,,8.7,,38762844.0,48473.0940286419,0.2,3.4
Portugal,PRT,2023,4.1,,15.0,,10430738.0,49800.3476220918,0.4,11.9
Rwanda,RWA,2023,4.59,,76.8,,13954471.0,3518.91850615405,38.6,
Saudi Arabia,SAU,2023,2.96,,,,33264292.0,71623.785419098,,
South Africa,ZAF,2023,3.76,,57.5,,63212384.0,15212.2609596178,,20.7
St. Kitts and Nevis,KNA,2023,4.84,,,,46758.0,34007.6371717125,,
Tajikistan,TJK,2023,,,,,10389799.0,4967.6740543988,7.3,25.1
Viet Nam,VNM,2023,4.34,,8.6,,100352192.0,15033.899969483,,10.7
West Bank and Gaza,PSE,2023,3.16,,7.8,,5409202.0,6178.51270322198,2.1,27.0
Bahrain,BHR,2024,4.33,,,,1607049.0,67230.1000247874,,
Burundi,BDI,2024,4.55,,91.1,,14047786.0,1193.03528498996,,
Cambodia,KHM,2024,4.62,,,,17638801.0,7981.50816402382,,
China,CHN,2024,3.6,,12.9,,1419321278.0,27139.5181633767,,
Cote d'Ivoire,CIV,2024,3.59,,48.7,,31934230.0,7680.36980823038,,
Gabon,GAB,2024,4.64,,39.2,,2538952.0,21541.4112646776,,
Jamaica,JAM,2024,6.02,,27.1,,2839175.0,12908.9862451809,,
Jordan,JOR,2024,3.37,,2.3,,11552876.0,11916.3623210714,,
Malta,MLT,2024,5.17,,4.5,,539607.0,70062.9017440762,,
Mongolia,MNG,2024,7.06,,31.5,,3475540.0,19172.5295870282,,
Mozambique,MOZ,2024,4.14,,90.7,,34631766.0,1708.3035966667,,
Myanmar,MMR,2024,,,,,54500091.0,6006.17514543646,,
Oman,OMN,2024,3.03,,,,5281538.0,41800.7841364086,,
Peru,PER,2024,4.34,,35.8,,34217848.0,17881.8685833242,5.1,
Thailand,THA,2024,,,,,71668011.0,24909.2266037939,0.0,
United States,USA,2024,2.79,,4.6,,345426571.0,86169.6641581914,1.1,
Bahrain,BHR,2025,4.32,,,,1643332.0,70996.7821254802,,
Burundi,BDI,2025,4.65,,90.9,,14390003.0,1248.05425025467,,
Cambodia,KHM,2025,4.77,,,,17847982.0,8542.6965378612,,
China,CHN,2025,3.64,,11.3,,1416096094.0,29333.3311051433,,
Cote d'Ivoire,CIV,2025,3.64,,46.6,,32711547.0,8208.90898574972,,
Gabon,GAB,2025,4.78,,39.3,,2593130.0,22218.341068445,,
Jamaica,JAM,2025,6.21,,26.4,,2837077.0,13291.253767787,,
Jordan,JOR,2025,3.45,,2.2,,11520684.0,12631.6299394746,,
Malta,MLT,2025,5.37,,4.5,,545405.0,72210.3392223985,,
Mongolia,MNG,2025,7.28,,29.8,,3517100.0,20797.7652692242,,
Mozambique,MOZ,2025,4.49,,91.3,,35631653.0,1697.94109338132,,
Myanmar,MMR,2025,,,,,54850648.0,6011.53492175516,,
Oman,OMN,2025,3.07,,,,5494691.0,42295.1761223734,,
Peru,PER,2025,4.45,,34.8,,34576665.0,18816.1045522938,,
Thailand,THA,2025,,,,,71619863.0,26250.0723587304,,
United States,USA,2025,2.86,,4.5,,347275807.0,90026.5163005744,,
Antigua and Barbuda,ATG,2017,3.77,,,,90468.0,21422.0021576627,,
Argentina,ARG,2017,,,,,44288894.0,23385.0740904917,1.1,32.3
Aruba,ABW,2017,3.75,,,,105731.0,37524.9149203557,,
Austria,AUT,2017,2.06,,2.5,,8798778.0,53869.8321183556,0.3,4.4
Botswana,BWA,2017,3.01,,61.9,,2266747.0,15700.6650479641,,53.4
British Virgin Islands,VGB,2017,3.45,,,,32699.0,,,
Cameroon,CMR,2017,2.6,,50.8,,24128601.0,3767.43072883824,,58.0
Colombia,COL,2017,2.84,,36.7,,48131078.0,14400.6139849314,9.5,24.9
Croatia,HRV,2017,3.31,,32.6,,4079200.0,27887.4600052514,0.6,7.8
Ethiopia,ETH,2017,2.94,,65.7,,109666481.0,2004.74755633129,,59.4
Guinea-Bissau,GNB,2017,3.01,,69.4,,1877072.0,2081.81287227685,,61.7
Montenegro,MNE,2017,3.21,,18.5,,620114.0,19356.6672508566,4.6,12.0
Niger,NER,2017,3.25,,86.5,,21435446.0,1226.9587833573,,50.0
Romania,ROU,2017,2.79,,55.9,,19689401.0,26943.28718432,4.9,14.7
Serbia,SRB,2017,3.56,,26.8,,8841626.0,17285.4135238265,6.6,12.5
Slovak Republic,SVK,2017,2.46,,22.8,,5435700.0,30245.7825869756,0.6,5.0
United Arab Emirates,ARE,2017,2.46,,3.7,,9234327.0,70281.8969423807,,
Uruguay,URY,2017,2.78,,30.7,,3388438.0,23606.6429970705,0.1,
Uzbekistan,UZB,2017,4.11,,22.9,,31819178.0,8106.62280505191,,14.9
Belgium,BEL,2018,2.07,,1.4,,11428605.0,52466.7330784599,0.1,
Belize,BLZ,2018,2.69,,21.7,,380226.0,9497.23480443418,1.0,
Bermuda,BMU,2018,2.94,,,,63831.0,85978.2177227009,,
"Congo, Dem. Rep.",COD,2018,3.44,,93.7,,90047644.0,1048.86502855672,,
Ecuador,ECU,2018,2.54,,24.4,,17049547.0,12186.8846084388,4.7,29.2
"Egypt, Arab Rep.",EGY,2018,4.02,,41.3,,105682094.0,12329.2446781436,,31.2
Equatorial Guinea,GNQ,2018,3.77,,56.9,,1616422.0,18413.1294204577,,
Guinea,GIN,2018,2.84,,46.4,,12704774.0,2844.46427670549,11.7,
Kazakhstan,KAZ,2018,2.13,,7.9,,18932727.0,25096.1285862615,0.1,2.4
Kyrgyz Republic,KGZ,2018,2.98,,38.8,,6341732.0,4777.94175395575,5.9,6.3
Liberia,LBR,2018,3.3,,65.0,,4944726.0,1799.72751397748,,
Madagascar,MDG,2018,3.18,,83.1,,27494926.0,1546.59563549795,,58.0
Malawi,MWI,2018,2.52,,86.4,,18528081.0,1363.79445595088,,78.8
Maldives,MDV,2018,3.34,,6.8,,473099.0,21899.4292993843,,
Philippines,PHL,2018,3.4,,48.4,,109465287.0,8357.74357934219,8.3,41.2
Qatar,QAT,2018,2.43,,1.7,,2761142.0,110032.713236323,,
Sierra Leone,SLE,2018,2.8,,65.3,,7554563.0,2640.47566787646,41.5,83.0
St. Vincent and the Grenadines,VCT,2018,4.44,,,,104926.0,14689.8500710886,,33.3
Turks and Caicos Islands,TCA,2018,,,,,41559.0,31151.4748574464,,
Zambia,ZMB,2018,2.79,,83.1,,17973569.0,3442.27307196302,,54.2
Armenia,ARM,2019,3.44,,55.5,,2903972.0,14975.7539538157,2.4,11.7
Belarus,BLR,2019,3.19,,3.1,,9435419.0,22301.5932411839,0.0,1.4
Brazil,BRA,2019,3.39,,27.3,,207455459.0,16069.8380152627,7.0,15.8
Central African Republic,CAF,2019,3.19,,85.9,,4944703.0,984.843183678857,,
Comoros,COM,2019,4.43,,56.2,,786578.0,3312.74957050545,,
"Congo, Rep.",COG,2019,3.24,,73.9,,5616661.0,5719.59977338291,,
Honduras,HND,2019,3.65,,39.5,,9943633.0,5784.93081057111,18.8,45.6
Hungary,HUN,2019,3.6,,34.2,,9770346.0,35627.2315520858,,8.6
"Iran, Islamic Rep.",IRN,2019,3.35,,41.2,,87051648.0,13927.5128074328,4.3,42.5
Japan,JPN,2019,5.57,,16.1,,126699424.0,43743.5313931194,1.3,3.4
Kuwait,KWT,2019,2.19,,,,4442194.0,50703.0001343301,,12.3
Mauritania,MRT,2019,4.02,,50.4,,4467708.0,5610.13236713892,10.2,41.2
Morocco,MAR,2019,2.47,,12.3,,36210898.0,8046.22900390625,,
Namibia,NAM,2019,3.33,,46.7,,2650494.0,9609.48555672874,,57.6
Netherlands,NLD,2019,2.4,,1.8,,17537507.0,62345.2538465433,0.1,4.6
New Zealand,NZL,2019,2.7,,,,4989403.0,45295.8241222088,,14.0
Norway,NOR,2019,3.53,,1.5,,5347730.0,73630.0721860814,0.2,4.1
Russian Federation,RUS,2019,2.45,,21.2,,146533067.0,30963.853515625,0.3,6.0
Seychelles,SYC,2019,3.53,,44.7,,117650.0,34219.061370118,,
Slovenia,SVN,2019,2.85,,2.7,,2083439.0,42373.2506369279,0.0,8.2
Sudan,SDN,2019,,,,,45548175.0,3914.2255859375,,
Sweden,SWE,2019,2.91,,4.3,,10279125.0,56909.753155728,0.4,5.3
Switzerland,CHE,2019,2.55,,1.7,,8577524.0,75267.0079269626,0.0,2.0
Uganda,UGA,2019,2.93,,75.1,,42999637.0,2441.37445233821,59.8,73.1
Zimbabwe,ZWE,2019,,,,,15271368.0,4165.92242720214,49.2,69.8
Bahrain,BHR,2020,3.42,,,,1483077.0,53436.0316999712,,
Burundi,BDI,2020,3.33,,89.5,,12617036.0,946.413218223156,74.2,
Cambodia,KHM,2020,3.84,,,,16725474.0,5942.45380373929,,41.9
China,CHN,2020,3.16,,24.8,,1426106093.0,18267.4783455827,0.0,
Cote d'Ivoire,CIV,2020,2.73,,49.7,,28915449.0,5543.85096318939,,40.4
Gabon,GAB,2020,3.6,,36.1,,2322539.0,14477.1308291818,,
Jamaica,JAM,2020,4.9,,29.0,,2830739.0,9764.3525879784,,50.3
Jordan,JOR,2020,3.02,,3.0,,10865228.0,10506.7284780872,,
Malta,MLT,2020,3.75,,4.4,,518207.0,49971.8904481582,0.4,5.2
Mongolia,MNG,2020,5.01,,45.2,,3290785.0,13693.179806943,,6.2
Mozambique,MOZ,2020,2.93,,89.0,,30783688.0,1411.62040229911,,
Myanmar,MMR,2020,,,,,53016522.0,5740.99045843992,,25.5
Oman,OMN,2020,2.48,,,,4522497.0,35163.3281781415,,
Peru,PER,2020,3.34,,45.9,,32838579.0,12563.3038060893,10.3,38.9
Thailand,THA,2020,,,,,71641484.0,19156.5820127644,0.1,6.4
United States,USA,2020,2.28,,3.7,,339436159.0,64465.2971415748,0.4,8.0
Bangladesh,BGD,2021,3.83,0.12,47.2,0.2,167658854.0,7441.06913961254,,
Curacao,CUW,2021,4.0,0.23,,0.24,185315.0,24905.7684266978,,
Czechia,CZE,2021,2.9,0.06,4.2,0.25,10530683.0,47796.0337408466,0.1,8.5
Djibouti,DJI,2021,3.65,0.22,55.4,0.19,1121248.0,5960.10807396825,,49.2
Dominican Republic,DOM,2021,4.41,0.14,25.4,0.22,11123476.0,22053.4589869955,1.3,52.1
Fiji,FJI,2021,3.81,0.14,70.1,0.26,916711.0,10322.4279638854,,24.2
Germany,DEU,2021,3.1,0.05,3.5,0.28,83697083.0,62630.7748127737,0.6,3.8
Ghana,GHA,2021,3.5,0.28,64.7,0.13,32518665.0,6607.50297378321,,38.8
Greece,GRC,2021,3.25,0.07,25.3,0.25,10579561.0,33528.2271202515,0.7,6.3
Guatemala,GTM,2021,4.01,0.18,48.7,0.16,17598650.0,11825.141273764,,55.0
"Hong Kong SAR, China",HKG,2021,4.2,0.12,,0.22,7484601.0,65884.9376260603,,
Indonesia,IDN,2021,4.0,0.27,69.7,0.18,276758053.0,12757.0746440204,8.6,4.9
"Korea, Rep.",KOR,2021,5.55,0.11,6.5,0.29,51848397.0,51718.2518656631,0.1,5.6
Lesotho,LSO,2021,4.31,0.44,76.7,0.22,2261542.0,2544.78249551214,,54.8
Mexico,MEX,2021,3.28,0.09,27.4,0.24,127648148.0,20782.5877440905,,23.5
Moldova,MDA,2021,3.08,0.14,10.6,0.14,3023778.0,15682.0703284653,0.2,23.5
Nepal,NPL,2021,3.62,0.18,26.0,0.22,29475010.0,4546.22970006289,,37.4
Nicaragua,NIC,2021,4.06,0.53,27.3,0.22,6644741.0,7119.16874782601,,
Pakistan,PAK,2021,3.3,0.19,62.6,0.12,239477801.0,5367.27364714762,,41.0
Singapore,SGP,2021,3.09,0.12,,0.23,5546290.0,133990.186782104,,6.6
Spain,ESP,2021,2.94,0.06,10.2,0.27,47735664.0,44251.6658222621,0.7,8.0
Syrian Arab Republic,SYR,2021,5.01,0.59,71.2,0.07,21628839.0,4765.52911357702,,
Tunisia,TUN,2021,3.97,0.1,7.6,0.15,12048622.0,12444.3264026887,0.7,28.5
Algeria,DZA,2022,5.01,,43.4,,45477389.0,15833.5847271335,,18.9
"Bahamas, The",BHS,2022,4.97,,,,397538.0,36785.5703317271,,17.2
Bolivia,BOL,2022,4.3,,9.6,,12077154.0,12304.7789380156,3.3,
Bosnia and Herzegovina,BIH,2022,5.54,,14.1,,3204802.0,21651.3043527017,,13.3
Haiti,HTI,2022,5.3,,83.7,,11503606.0,3245.27176023069,,82.8
Iceland,ISL,2022,3.07,,1.8,,380356.0,76592.3392429534,,7.0
Lao PDR,LAO,2022,4.6,,54.7,,7559007.0,8765.05131747163,,36.3
Luxembourg,LUX,2022,3.05,,1.2,,653313.0,146919.145398495,0.1,2.6
Mali,MLI,2022,3.56,,62.4,,23072640.0,3013.94334673825,,20.0
Nigeria,NGA,2022,4.12,,79.7,,223150896.0,8303.64193191685,41.8,73.9
North Macedonia,MKD,2022,4.5,,17.6,,1840233.0,24212.3733096953,,20.2
Sao Tome and Principe,STP,2022,4.17,,47.1,,226305.0,6032.7249522726,,54.6
Senegal,SEN,2022,3.44,,49.8,,17651103.0,4529.50264399113,,29.4
South Sudan,SSD,2022,4.09,,93.8,,11021177.0,,,87.3
St. Lucia,LCA,2022,4.9,,7.8,,178781.0,24433.7034481087,,
Suriname,SUR,2022,5.88,,26.8,,623164.0,20075.6544534114,2.2,35.8
Tanzania,TZA,2022,3.1,,73.8,,64711821.0,3799.26000976563,,58.2
United Kingdom,GBR,2022,2.23,,2.8,,68179315.0,60266.7467325014,,5.7
Bahrain,BHR,2023,4.12,,,,1569666.0,64223.977053306,,
Burundi,BDI,2023,4.5,,91.5,,13689450.0,1147.42440486734,,70.8
Cambodia,KHM,2023,4.47,,,,17423880.0,7436.85544015287,,40.0
China,CHN,2023,3.53,,14.5,,1422584933.0,25200.068112272,,
Cote d'Ivoire,CIV,2023,3.45,,50.0,,31165654.0,7243.14676270142,,38.4
Gabon,GAB,2023,4.45,,39.3,,2484789.0,20772.7726890351,,
Jamaica,JAM,2023,5.83,,26.8,,2839786.0,12661.3324691366,,56.4
Jordan,JOR,2023,3.28,,2.4,,11439213.0,11450.5720698729,,
Malta,MLT,2023,5.07,,4.8,,532956.0,67101.1037962636,0.4,9.2
Mongolia,MNG,2023,6.74,,36.6,,3431932.0,18019.6912274585,,4.8
Mozambique,MOZ,2023,3.82,,89.9,,33635160.0,1680.20873445078,,
Myanmar,MMR,2023,,,,,54133798.0,5958.26424874022,,32.7
Oman,OMN,2023,2.88,,,,5049269.0,41979.5975879711,,
Peru,PER,2023,4.3,,38.3,,33845617.0,17041.5682788302,5.9,41.0
Thailand,THA,2023,,,,,71702435.0,23598.3745068685,0.0,5.4
United States,USA,2023,2.76,,5.2,,343477335.0,82586.7847707891,1.2,10.3
Angola,AGO,2024,5.0,,72.2,,37885849.0,9963.59020874287,,
Brunei Darussalam,BRN,2024,5.89,,,,462721.0,90009.8912498003,,
Burkina Faso,BFA,2024,3.73,,65.1,,23548781.0,2901.04214238045,,
Cabo Verde,CPV,2024,3.8,,51.0,,524877.0,11184.7207350908,,
Canada,CAN,2024,4.27,,3.0,,39742430.0,65482.9454728344,,
Chad,TCD,2024,3.95,,66.7,,20299123.0,2766.98134913811,,
Costa Rica,CRI,2024,4.84,,47.5,,5129910.0,31552.1489834288,1.3,
Estonia,EST,2024,4.67,,10.2,,1360546.0,50395.7686402966,,
Eswatini,SWZ,2024,4.69,,69.1,,1242822.0,11822.961305357,,
Finland,FIN,2024,3.82,,2.0,,5617310.0,65137.1816928289,,
France,FRA,2024,4.0,,3.6,,66548530.0,62524.5434134804,,
"Gambia, The",GMB,2024,4.38,,45.0,,2759988.0,3480.66001035486,,
Grenada,GRD,2024,5.83,,23.2,,117207.0,19903.184889337,,
Guyana,GUY,2024,6.83,,10.0,,831087.0,80271.4254322872,,
India,IND,2024,4.07,,40.6,,1450935791.0,10718.5934040662,,
Iraq,IRQ,2024,4.78,,27.1,,46042015.0,14485.3248937523,,
Israel,ISR,2024,3.55,,22.7,,9387021.0,57277.8631217651,,
Italy,ITA,2024,4.37,,8.5,,59342867.0,62292.9012423008,,
Latvia,LVA,2024,4.91,,17.3,,1871871.0,43873.3777849582,,
Lithuania,LTU,2024,4.23,,13.3,,2859110.0,55699.3734421294,,
Malaysia,MYS,2024,4.27,,1.6,,35557673.0,38835.6013146653,,
Panama,PAN,2024,4.32,,52.3,,4515577.0,41429.5092511481,3.1,
Paraguay,PRY,2024,5.04,,23.2,,6929153.0,18631.6436164051,2.1,
Poland,POL,2024,4.38,,7.8,,38539201.0,51262.5105756884,,
Portugal,PRT,2024,4.17,,14.8,,10425292.0,52512.5651003677,,
Rwanda,RWA,2024,4.52,,72.2,,14256567.0,3784.9629495071,,
Saudi Arabia,SAU,2024,3.02,,,,33962757.0,71936.2510663399,,
South Africa,ZAF,2024,3.89,,57.6,,64007187.0,15478.6456794969,,
St. Kitts and Nevis,KNA,2024,4.97,,,,46843.0,34897.2104637487,,
Tajikistan,TJK,2024,,,,,10590927.0,5413.83109811464,6.1,
Viet Nam,VNM,2024,4.49,,7.9,,100987686.0,16387.9087954113,,
West Bank and Gaza,PSE,2024,3.28,,14.3,,5495443.0,4770.6463157404,,
Angola,AGO,2025,5.18,,72.9,,39040039.0,10251.3457063657,,
Brunei Darussalam,BRN,2025,6.04,,,,466330.0,92429.9262686398,,
Burkina Faso,BFA,2025,3.92,,65.5,,24074580.0,3071.62546744866,,
Cabo Verde,CPV,2025,3.88,,49.3,,527326.0,12165.2989335356,,
Canada,CAN,2025,4.46,,3.0,,40126723.0,66745.8248561648,,
Chad,TCD,2025,4.07,,66.6,,21003705.0,2902.7406157583,,
Costa Rica,CRI,2025,5.04,,41.8,,5152950.0,33814.7696296148,0.8,
Estonia,EST,2025,4.89,,10.2,,1344232.0,52105.5093433416,,
Eswatini,SWZ,2025,4.95,,68.1,,1256174.0,12529.2796629252,,
Finland,FIN,2025,4.0,,2.0,,5623329.0,65884.4876972259,,
France,FRA,2025,4.12,,3.5,,66650804.0,63975.353585864,,
"Gambia, The",GMB,2025,4.49,,43.7,,2822093.0,3705.64184038599,,
Grenada,GRD,2025,6.01,,22.9,,117303.0,21345.9653408221,,
Guyana,GUY,2025,7.02,,9.3,,835986.0,97899.0116180627,,
India,IND,2025,4.11,,35.5,,1463865525.0,11747.9160436011,,
Iraq,IRQ,2025,4.88,,28.0,,47020774.0,14266.7965348226,,
Israel,ISR,2025,3.65,,22.5,,9517181.0,59716.9735387228,,
Italy,ITA,2025,4.55,,8.4,,59146260.0,62802.5108384276,,
Latvia,LVA,2025,5.16,,16.9,,1853559.0,46136.689377286,,
Lithuania,LTU,2025,4.38,,12.3,,2830144.0,56837.8067003598,,
Malaysia,MYS,2025,4.42,,1.4,,35977838.0,41497.6746089548,,
Panama,PAN,2025,4.46,,51.4,,4571189.0,43902.1632084954,,
Paraguay,PRY,2025,5.31,,22.3,,7013078.0,20181.4242826808,,
Poland,POL,2025,4.55,,7.3,,38140910.0,54262.4040405236,,
Portugal,PRT,2025,4.3,,14.4,,10411834.0,53145.7317498942,,
Rwanda,RWA,2025,4.58,,69.7,,14569341.0,4164.436605809,,
Saudi Arabia,SAU,2025,3.07,,,,34566328.0,73783.5613906833,,
South Africa,ZAF,2025,4.02,,57.9,,64747319.0,15905.6794419658,,
St. Kitts and Nevis,KNA,2025,5.16,,,,46922.0,36777.262691657,,
Tajikistan,TJK,2025,,,,,10786734.0,5923.47183321348,,
Viet Nam,VNM,2025,4.59,,7.0,,101598527.0,18088.491587163,,
West Bank and Gaza,PSE,2025,3.95,,17.3,,5589623.0,4999.71301859773,,
Bangladesh,BGD,2017,3.09,,62.8,,162186147.0,4882.60692615639,,
Curacao,CUW,2017,2.95,,,,168516.0,24321.7467432044,,
Czechia,CZE,2017,2.81,,5.7,,10541342.0,39346.030564257,0.0,3.9
Djibouti,DJI,2017,2.93,,56.8,,1054841.0,4676.71336058903,25.4,
Dominican Republic,DOM,2017,3.39,,26.0,,10666843.0,16846.2072320323,1.5,54.4
Fiji,FJI,2017,3.2,,50.6,,918759.0,12585.2777064526,,
Germany,DEU,2017,2.64,,2.8,,83104007.0,54142.7414864571,0.2,3.6
Ghana,GHA,2017,3.54,,67.2,,30008354.0,5170.96094857439,,43.8
Greece,GRC,2017,2.93,,35.7,,10753533.0,28681.6815585005,1.1,16.6
Guatemala,GTM,2017,2.88,,45.5,,16567357.0,9560.1778346272,,43.5
"Hong Kong SAR, China",HKG,2017,3.33,,,,7444891.0,59260.9131761938,,
Indonesia,IDN,2017,3.61,,74.4,,267346658.0,10687.6409218443,14.8,7.6
"Korea, Rep.",KOR,2017,4.73,,12.2,,51486270.0,43155.9100867658,0.2,5.4
Lesotho,LSO,2017,3.59,,70.7,,2157110.0,2618.81820770145,41.9,
Mexico,MEX,2017,2.9,,31.6,,123400057.0,20488.715079135,,23.0
Moldova,MDA,2017,2.34,,11.3,,3193497.0,11252.1135465283,0.1,24.6
Nepal,NPL,2017,3.33,,34.7,,28011258.0,3604.70825949747,,31.6
Nicaragua,NIC,2017,3.72,,25.5,,6316231.0,6225.34702574846,,
Pakistan,PAK,2017,2.97,,59.3,,223273967.0,4789.53646557553,,12.8
Singapore,SGP,2017,2.78,,,,5604078.0,96056.7007948924,,4.1
Spain,ESP,2017,2.53,,12.6,,46868596.0,39825.2498116292,0.8,7.5
Syrian Arab Republic,SYR,2017,2.5,,57.3,,19224668.0,3265.07016871603,,
Tunisia,TUN,2017,3.66,,8.1,,11650498.0,11288.7800135085,,20.0
Armenia,ARM,2018,3.31,,51.6,,2909965.0,12877.4937543553,2.9,14.8
Belarus,BLR,2018,3.13,,2.8,,9480031.0,20025.9815543598,0.0,
Brazil,BRA,2018,3.23,,27.7,,206107261.0,15463.7426393889,6.9,14.2
Central African Republic,CAF,2018,3.05,,86.1,,4878657.0,905.817788941094,,
Comoros,COM,2018,4.43,,57.1,,771590.0,3304.54845189026,,
"Congo, Rep.",COG,2018,3.16,,74.0,,5483118.0,5593.19370578686,,
Honduras,HND,2018,3.66,,39.6,,9765210.0,5633.3832384519,19.8,40.9
Hungary,HUN,2018,3.45,,37.4,,9774394.0,32258.2577892511,,6.9
"Iran, Islamic Rep.",IRN,2018,3.11,,32.6,,86117998.0,15324.0674634637,3.2,40.6
Japan,JPN,2018,5.65,,16.7,,126913432.0,43090.0699981402,1.0,3.2
Kuwait,KWT,2018,2.18,,,,4323387.0,51370.7320595252,,12.3
Mauritania,MRT,2018,3.92,,49.9,,4337685.0,5429.23223059784,,35.9
Morocco,MAR,2018,2.5,,13.0,,35839760.0,7801.0986328125,,
Namibia,NAM,2018,3.26,,45.9,,2577327.0,9853.73533646074,,56.5
Netherlands,NLD,2018,2.27,,1.7,,17421280.0,58819.2609142584,0.1,5.1
New Zealand,NZL,2018,2.57,,,,4900847.0,42475.2252680795,,13.9
Norway,NOR,2018,3.43,,1.7,,5311752.0,72618.1053391628,0.3,4.8
Russian Federation,RUS,2018,2.28,,21.9,,146430146.0,28628.5625,0.2,7.1
Seychelles,SYC,2018,3.5,,45.0,,115040.0,32091.2988657346,0.7,
Slovenia,SVN,2018,2.7,,3.2,,2069481.0,38620.2045436305,0.0,10.2
Sudan,SDN,2018,,,,,44230596.0,4199.25048828125,,
Sweden,SWE,2018,2.77,,5.3,,10175405.0,52962.1832555021,0.9,5.7
Switzerland,CHE,2018,2.45,,1.8,,8516344.0,72169.4717767024,0.0,2.6
Uganda,UGA,2018,3.03,,75.9,,41565831.0,2312.05752813495,,75.0
Zimbabwe,ZWE,2018,,,,,15034452.0,3992.890718675,,66.7
Belgium,BEL,2019,2.16,,1.4,,11490618.0,56712.469571978,0.1,3.7
Belize,BLZ,2019,2.9,,17.5,,385829.0,10499.962073199,,39.0
Bermuda,BMU,2019,3.12,,,,64107.0,90984.4576708318,,
"Congo, Dem. Rep.",COD,2019,3.56,,93.2,,92947442.0,1056.17206659241,,69.2
Ecuador,ECU,2019,2.63,,25.5,,17340021.0,12543.0148243925,4.6,32.7
"Egypt, Arab Rep.",EGY,2019,3.98,,36.8,,107553158.0,13363.732696323,2.0,27.8
Equatorial Guinea,GNQ,2019,3.81,,56.8,,1670177.0,16451.3641478324,,
Guinea,GIN,2019,3.05,,45.4,,13034346.0,3105.82789015443,,
Kazakhstan,KAZ,2019,2.28,,8.6,,19209555.0,28689.2710838374,0.1,2.6
Kyrgyz Republic,KGZ,2019,2.94,,36.3,,6494035.0,5304.22758314405,4.9,6.4
Liberia,LBR,2019,3.51,,67.4,,5043721.0,1899.52200972855,,80.6
Madagascar,MDG,2019,3.21,,83.0,,28219554.0,1612.29772715626,,59.6
Malawi,MWI,2019,2.77,,87.8,,19025752.0,1450.01008064784,75.4,79.9
Maldives,MDV,2019,3.28,,6.1,,487731.0,23077.2112236652,0.0,13.4
Philippines,PHL,2019,3.47,,47.2,,110804683.0,8924.10116402887,,42.7
Qatar,QAT,2019,2.45,,1.9,,2797921.0,107502.469793988,,
Sierra Leone,SLE,2019,2.76,,61.5,,7731991.0,2704.05835704649,,85.3
St. Vincent and the Grenadines,VCT,2019,4.48,,,,104167.0,15339.5560281064,,33.3
Turks and Caicos Islands,TCA,2019,,,,,43166.0,31173.3797811743,,
Zambia,ZMB,2019,2.88,,84.0,,18513839.0,3361.39750299612,,52.5
Algeria,DZA,2020,4.2,,43.2,,44042091.0,12676.5130564294,,19.0
"Bahamas, The",BHS,2020,4.19,,,,395863.0,27204.625909518,,17.2
Bolivia,BOL,2020,3.78,,10.8,,11816299.0,9580.98962081658,4.2,
Bosnia and Herzegovina,BIH,2020,4.34,,16.1,,3299349.0,16369.9392465531,,12.6
Haiti,HTI,2020,4.57,,81.5,,11243848.0,3103.18066312462,,82.5
Iceland,ISL,2020,2.7,,2.2,,366614.0,56840.7423583166,,6.3
Lao PDR,LAO,2020,4.22,,58.2,,7346533.0,7913.38660650276,,31.8
Luxembourg,LUX,2020,2.62,,0.8,,630597.0,122066.739147202,0.0,2.8
Mali,MLI,2020,3.04,,56.6,,21713836.0,2723.70094784441,,21.9
Nigeria,NGA,2020,3.41,,75.8,,213996181.0,7414.77495538401,,62.9
North Macedonia,MKD,2020,3.52,,21.7,,1872015.0,19962.153035286,,20.9
Sao Tome and Principe,STP,2020,3.29,,45.0,,217435.0,5144.53560286014,,54.6
Senegal,SEN,2020,2.88,,49.0,,16789219.0,3752.91947490817,,31.6
South Sudan,SSD,2020,3.41,,92.8,,10698467.0,,,86.4
St. Lucia,LCA,2020,4.41,,11.2,,178250.0,15135.6187398708,,
Suriname,SUR,2020,4.94,,26.2,,612317.0,16946.8942361914,,35.8
Tanzania,TZA,2020,2.64,,73.9,,60972798.0,3290.60986328125,,57.6
United Kingdom,GBR,2020,1.86,,3.0,,67351861.0,48719.8339897935,0.5,3.5
Antigua and Barbuda,ATG,2021,4.92,0.18,,0.26,92349.0,25745.4958067746,,13.5
Argentina,ARG,2021,,0.08,,0.18,45312281.0,26300.274261175,1.4,36.9
Aruba,ABW,2021,4.43,0.2,,0.25,107558.0,35207.1709088639,,
Austria,AUT,2021,2.42,0.05,3.4,0.3,8967057.0,62968.8538770186,0.5,4.3
Botswana,BWA,2021,3.41,0.22,59.2,0.17,2401441.0,17960.6254447437,,56.3
British Virgin Islands,VGB,2021,3.94,0.15,,0.25,37809.0,,,
Cameroon,CMR,2021,3.41,0.36,52.6,0.12,26915758.0,4793.55628200196,26.7,59.2
Colombia,COL,2021,3.3,0.18,41.3,0.24,51188173.0,17383.0901728295,11.2,31.6
Croatia,HRV,2021,3.71,0.09,18.4,0.24,3924610.0,36930.076102199,0.3,9.7
Ethiopia,ETH,2021,3.88,0.37,74.7,0.1,122138588.0,2588.41310213778,38.6,58.1
Guinea-Bissau,GNB,2021,3.45,0.36,67.0,0.25,2058841.0,2522.12869240841,39.9,62.4
Montenegro,MNE,2021,3.63,0.06,14.0,0.24,603851.0,23689.9791090651,2.5,12.9
Niger,NER,2021,4.02,0.58,87.6,0.13,24502140.0,1587.84784907329,60.5,50.2
Romania,ROU,2021,3.22,0.05,31.0,0.16,19248161.0,37534.0002643549,2.0,16.2
Serbia,SRB,2021,4.01,0.13,9.8,0.21,8576876.0,23406.3065657117,1.7,14.8
Slovak Republic,SVK,2021,3.01,0.05,22.2,0.31,5442759.0,38330.302743447,0.3,8.3
United Arab Emirates,ARE,2021,2.66,0.11,2.9,0.11,9789048.0,68580.1312912676,,
Uruguay,URY,2021,3.65,0.1,37.4,0.2,3396695.0,29431.8738833361,0.2,15.2
Uzbekistan,UZB,2021,4.06,0.38,19.8,0.12,34243696.0,9705.60054565692,4.4,26.1
Bahrain,BHR,2022,3.74,,,,1533459.0,61667.8791526737,,
Burundi,BDI,2022,4.0,,90.5,,13321097.0,1101.23579609841,,70.8
Cambodia,KHM,2022,4.25,,,,17201724.0,6917.7197730003,,43.2
China,CHN,2022,3.41,,17.4,,1425179569.0,23028.4517927066,0.0,
Cote d'Ivoire,CIV,2022,3.25,,51.1,,30395002.0,6718.37891572875,,39.4
Gabon,GAB,2022,4.18,,38.7,,2430747.0,19989.3886367516,,
Jamaica,JAM,2022,5.41,,26.8,,2839144.0,11885.8863913319,,55.1
Jordan,JOR,2022,3.2,,2.5,,11256263.0,10880.9956299022,,
Malta,MLT,2022,4.43,,5.5,,528192.0,60623.0076694404,0.1,8.2
Mongolia,MNG,2022,6.17,,38.6,,3386015.0,16399.3900820069,0.4,4.9
Mozambique,MOZ,2022,3.57,,89.9,,32656246.0,1581.76710168717,81.4,
Myanmar,MMR,2022,,,,,53756787.0,5731.02947916374,,32.0
Oman,OMN,2022,2.7,,,,4730226.0,42609.5810436221,,
Peru,PER,2022,3.94,,36.7,,33475438.0,16673.6937563476,4.8,42.5
Thailand,THA,2022,,,,,71735329.0,22245.6387597542,0.0,6.5
United States,USA,2022,2.63,,5.4,,341534046.0,78008.6895811877,1.4,9.3
Algeria,DZA,2023,5.41,,43.5,,46164219.0,16838.3550419037,,17.6
"Bahamas, The",BHS,2023,5.26,,,,399440.0,39122.340470849,,
Bolivia,BOL,2023,4.57,,9.0,,12244159.0,12902.7509503368,2.8,
Bosnia and Herzegovina,BIH,2023,6.31,,13.8,,3185073.0,23376.3069324282,,9.9
Haiti,HTI,2023,5.53,,84.4,,11637398.0,3264.65805430675,,83.2
Iceland,ISL,2023,3.43,,1.8,,387558.0,82256.5277425273,,7.8
Lao PDR,LAO,2023,5.07,,54.9,,7664993.0,9299.44710059913,,35.6
Luxembourg,LUX,2023,3.55,,0.8,,665098.0,152596.126692093,0.1,2.6
Mali,MLI,2023,3.72,,61.8,,23769127.0,3178.41515939915,,20.6
Nigeria,NGA,2023,4.39,,80.9,,227882945.0,8711.68686099289,,74.8
North Macedonia,MKD,2023,5.05,,17.2,,1831802.0,25354.144126576,,15.2
Sao Tome and Principe,STP,2023,4.43,,48.5,,230871.0,6155.05042011344,,
Senegal,SEN,2023,3.63,,49.4,,18077573.0,4781.55234083159,,29.1
South Sudan,SSD,2023,3.76,,92.6,,11483374.0,,,88.1
St. Lucia,LCA,2023,5.22,,7.8,,179285.0,26253.9280339233,,
Suriname,SUR,2023,6.4,,27.2,,628886.0,21127.5975244081,,
Tanzania,TZA,2023,3.32,,73.9,,66617606.0,4021.82885742188,,58.0
United Kingdom,GBR,2023,2.64,,3.0,,68682962.0,60786.7193353069,,6.9
Albania,ALB,2024,4.99,,12.6,,2791765.0,26701.7649330157,,
Australia,AUS,2024,3.23,,3.2,,26713205.0,72117.8826659555,,
Azerbaijan,AZE,2024,4.2,,0.7,,10336577.0,25146.3588844273,,
Barbados,BRB,2024,,,,,282467.0,24539.6254147583,,
Benin,BEN,2024,3.39,,54.1,,14462724.0,4441.00443511982,,
Bhutan,BTN,2024,5.96,,4.1,,791524.0,17762.4053956096,,
Bulgaria,BGR,2024,5.52,,23.1,,6757689.0,41969.595471884,,
Cayman Islands,CYM,2024,4.65,,,,74457.0,92201.086358256,,
Chile,CHL,2024,5.54,,38.1,,19764771.0,36070.892945837,0.4,
Cyprus,CYP,2024,4.08,,1.7,,1358282.0,63006.765625,,
Denmark,DNK,2024,3.28,,1.3,,5977412.0,80937.8001363997,,
Dominica,DMA,2024,6.46,,,,66205.0,21331.6193698018,,
El Salvador,SLV,2024,,,,,6338193.0,13258.1805042704,,
Ireland,IRL,2024,3.0,,1.2,,5255017.0,140779.203379453,,
Kenya,KEN,2024,4.26,,76.4,,56432944.0,6649.67919174449,,
Lebanon,LBN,2024,6.45,,45.6,,5805962.0,11917.4502960889,,
Mauritius,MUS,2024,4.75,,19.1,,1271169.0,31696.7381226145,,
Sint Maarten,SXM,2024,5.11,,,,43350.0,53846.7442635227,,
"Somalia, Fed. Rep.",SOM,2024,,,,,19009151.0,1604.29116285918,,
Sri Lanka,LKA,2024,5.03,,36.3,,23103565.0,15701.0907191253,,
Togo,TGO,2024,3.77,,54.1,,8406558.0,3814.83532681353,,
Trinidad and Tobago,TTO,2024,5.56,,32.0,,1507782.0,36381.2720794439,,
Albania,ALB,2025,5.16,,11.9,,2771508.0,28220.7950617158,,
Australia,AUS,2025,3.33,,3.2,,26974026.0,71934.4033931263,,
Azerbaijan,AZE,2025,4.37,,0.7,,10397713.0,26112.5306828203,,
Barbados,BRB,2025,,,,,282623.0,25893.8676913012,,
Benin,BEN,2025,3.58,,53.5,,14814460.0,4816.87504692826,,
Bhutan,BTN,2025,6.17,,3.7,,796682.0,19594.0028382994,,
Bulgaria,BGR,2025,5.75,,20.7,,6714560.0,44451.1001576913,,
Cayman Islands,CYM,2025,4.8,,,,75844.0,,,
Chile,CHL,2025,5.65,,36.8,,19859921.0,37774.0879069903,,
Cyprus,CYP,2025,4.18,,1.5,,1370754.0,64574.62109375,,
Denmark,DNK,2025,3.47,,1.3,,6002507.0,83218.071525634,,
Dominica,DMA,2025,6.69,,,,65871.0,22713.1288027433,,
El Salvador,SLV,2025,,,,,6365503.0,14101.1774819291,,
Ireland,IRL,2025,3.14,,0.9,,5308039.0,155089.413131749,,
Kenya,KEN,2025,4.5,,76.3,,57532493.0,7015.93578839722,,
Lebanon,LBN,2025,6.97,,46.4,,5849421.0,,,
Mauritius,MUS,2025,4.84,,17.8,,1268280.0,33666.64355884,,
Sint Maarten,SXM,2025,5.26,,,,43923.0,56490.5015205836,,
"Somalia, Fed. Rep.",SOM,2025,,,,,19654739.0,1642.77032278186,,
Sri Lanka,LKA,2025,5.21,,34.9,,23229470.0,17065.0298635432,,
Togo,TGO,2025,3.95,,53.7,,8591626.0,4079.36376686718,,
Trinidad and Tobago,TTO,2025,5.82,,32.0,,1511155.0,37121.2050020847,,
Algeria,DZA,2017,4.09,,41.3,,41689299.0,13493.560749484,,19.8
"Bahamas, The",BHS,2017,4.2,,,,390485.0,34282.1710357791,,
Bolivia,BOL,2017,3.62,,14.4,,11344587.0,10420.3923250933,6.4,
Bosnia and Herzegovina,BIH,2017,4.07,,18.3,,3428682.0,13627.0836811249,,8.7
Haiti,HTI,2017,3.93,,77.6,,10817754.0,3339.38884653446,,
Iceland,ISL,2017,2.38,,0.9,,343531.0,56385.0430004634,0.0,6.8
Lao PDR,LAO,2017,3.74,,59.9,,7018147.0,7141.90652701767,,
Luxembourg,LUX,2017,2.46,,3.0,,596495.0,114985.842235989,0.3,3.3
Mali,MLI,2017,2.97,,59.2,,19813011.0,2606.69607954141,,25.9
Nigeria,NGA,2017,2.78,,68.6,,200254579.0,7036.67414358958,,42.8
North Macedonia,MKD,2017,3.29,,24.5,,1940879.0,17161.0354680695,5.6,14.3
Sao Tome and Principe,STP,2017,2.31,,45.0,,206970.0,3436.31010124694,13.0,
Senegal,SEN,2017,2.65,,54.7,,15475002.0,3229.51026655477,,35.8
South Sudan,SSD,2017,3.13,,91.4,,10259154.0,,,85.1
St. Lucia,LCA,2017,3.6,,8.3,,176342.0,16130.9721097011,,22.2
Suriname,SUR,2017,4.4,,21.6,,593713.0,17567.6802396432,,
Tanzania,TZA,2017,2.14,,74.7,,55652890.0,2472.4931640625,,56.6
United Kingdom,GBR,2017,1.7,,3.7,,66354471.0,46440.8214149807,0.4,5.6
Angola,AGO,2018,3.27,,64.8,,31297155.0,8370.22875787099,39.3,
Brunei Darussalam,BRN,2018,4.26,,,,437810.0,65148.8264035521,,
Burkina Faso,BFA,2018,2.82,,65.5,,20438288.0,2073.3235382155,47.7,39.1
Cabo Verde,CPV,2018,2.92,,54.8,,513415.0,7916.42115326174,,36.4
Canada,CAN,2018,3.13,,3.3,,37295005.0,49982.6446255492,0.4,5.1
Chad,TCD,2018,2.8,,63.4,,16156531.0,2227.81335372611,41.9,76.3
Costa Rica,CRI,2018,3.58,,53.7,,4957818.0,21548.8700973441,2.3,14.5
Estonia,EST,2018,3.21,,11.9,,1321965.0,37120.9879761677,0.4,7.4
Eswatini,SWZ,2018,3.26,,68.5,,1168929.0,8535.25593160454,,
Finland,FIN,2018,2.61,,1.3,,5515736.0,49248.6775395866,0.1,7.7
France,FRA,2018,2.66,,2.5,,65519543.0,46381.0590629457,0.0,6.0
"Gambia, The",GMB,2018,2.86,,42.7,,2399632.0,2277.44236224191,,54.3
Grenada,GRD,2018,4.5,,22.2,,115691.0,15974.8591933124,0.8,23.6
Guyana,GUY,2018,4.79,,77.8,,791556.0,12442.5087185876,,
India,IND,2018,2.86,,55.2,,1374659064.0,6521.97490856972,,
Iraq,IRQ,2018,3.48,,22.9,,40265624.0,12034.4011214944,,
Israel,ISR,2018,2.58,,21.2,,8510067.0,40101.487265134,0.7,12.7
Italy,ITA,2018,2.83,,10.5,,60277499.0,43583.3823241172,1.7,
Latvia,LVA,2018,3.03,,26.4,,1927588.0,29817.8047263182,0.6,9.5
Lithuania,LTU,2018,2.87,,19.3,,2802478.0,36491.9385223689,1.0,10.7
Malaysia,MYS,2018,3.2,,3.8,,32910967.0,27793.5674222948,0.0,15.1
Panama,PAN,2018,3.88,,50.0,,4167860.0,32463.540359127,3.7,
Paraguay,PRY,2018,3.73,,25.5,,6427382.0,14139.0931267561,3.1,21.3
Poland,POL,2018,3.03,,17.4,,38241071.0,32345.1066076225,0.3,4.3
Portugal,PRT,2018,2.73,,19.0,,10325353.0,34896.7993382974,0.4,10.7
Rwanda,RWA,2018,2.89,,77.7,,12487996.0,2128.1982397276,,
Saudi Arabia,SAU,2018,2.46,,,,30365121.0,59377.8025368768,,
South Africa,ZAF,2018,2.94,,59.5,,58613001.0,13347.3634826038,,17.4
St. Kitts and Nevis,KNA,2018,3.51,,,,47008.0,30794.8986482634,,21.1
Tajikistan,TJK,2018,,,,,9307333.0,3069.10385079592,,28.8
Viet Nam,VNM,2018,3.33,,10.0,,96237319.0,10009.9714756006,2.2,6.2
West Bank and Gaza,PSE,2018,2.65,,6.2,,4850592.0,6215.81647317396,,26.8
Albania,ALB,2019,3.32,,18.4,,2885010.0,16442.0254754945,0.3,33.8
Australia,AUS,2019,2.4,,3.8,,25482714.0,52885.8313816377,,12.3
Azerbaijan,AZE,2019,3.1,,1.1,,10110475.0,16675.3179361558,,8.9
Barbados,BRB,2019,,,,,281207.0,19986.8728665755,,
Benin,BEN,2019,2.89,,65.4,,12726755.0,3148.97969597838,,64.0
Bhutan,BTN,2019,4.44,,17.8,,764824.0,12909.1009840399,,
Bulgaria,BGR,2019,3.67,,40.4,,6975469.0,26765.556194772,1.6,13.2
Cayman Islands,CYM,2019,3.61,,,,67327.0,72697.3672861884,,
Chile,CHL,2019,3.67,,47.5,,19197744.0,25613.9095717623,,17.3
Cyprus,CYP,2019,3.04,,3.0,,1286671.0,44393.72265625,0.2,
Denmark,DNK,2019,2.34,,1.2,,5814618.0,60594.966400191,0.3,5.0
Dominica,DMA,2019,4.63,,,,67880.0,16020.5944720217,,
El Salvador,SLV,2019,,,,,6222318.0,9756.7521864595,3.0,45.1
Ireland,IRL,2019,2.3,,2.3,,4933491.0,92042.2566065385,0.1,8.3
Kenya,KEN,2019,2.83,,72.1,,51202827.0,4687.37782325306,,67.7
Lebanon,LBN,2019,1.88,,0.1,,5794594.0,21710.4648750807,,21.1
Mauritius,MUS,2019,3.46,,16.0,,1286270.0,24374.7818286567,,24.2
Sint Maarten,SXM,2019,4.67,,,,40385.0,45715.6970519376,,
"Somalia, Fed. Rep.",SOM,2019,,,,,16030971.0,1548.27250940098,,
Sri Lanka,LKA,2019,3.7,,28.6,,22410552.0,14112.9525042604,2.7,8.9
Togo,TGO,2019,2.66,,53.1,,7619925.0,2459.85658494292,,56.3
Trinidad and Tobago,TTO,2019,3.93,,28.4,,1484894.0,29315.8054064667,,
Bangladesh,BGD,2020,3.61,,51.6,,166298024.0,6640.58437331062,,
Curacao,CUW,2020,3.65,,,,185018.0,21722.0174102902,,
Czechia,CZE,2020,3.0,,4.4,,10550129.0,44839.4822099455,0.0,5.8
Djibouti,DJI,2020,3.54,,56.5,,1105188.0,5527.00185229888,,49.2
Dominican Republic,DOM,2020,4.05,,25.0,,11008300.0,18998.3069667315,1.3,53.1
Fiji,FJI,2020,3.48,,66.6,,914963.0,10716.2914367663,,19.3
Germany,DEU,2020,2.97,,2.5,,83628708.0,58704.5861986404,0.3,3.5
Ghana,GHA,2020,3.46,,65.6,,31887809.0,6047.30111673554,,36.6
Greece,GRC,2020,3.13,,28.7,,10699369.0,29533.087740299,1.1,6.8
Guatemala,GTM,2020,3.74,,50.9,,17357325.0,10947.3711292197,,55.8
"Hong Kong SAR, China",HKG,2020,4.04,,,,7490235.0,58187.4764072535,,
Indonesia,IDN,2020,3.86,,70.2,,274814866.0,11729.3674458448,9.8,5.1
"Korea, Rep.",KOR,2020,5.18,,6.8,,51858482.0,47881.4921344193,0.1,5.3
Lesotho,LSO,2020,4.01,,76.2,,2235727.0,2559.09776077846,,52.3
Mexico,MEX,2020,3.07,,32.6,,126799054.0,19354.1248682138,4.3,25.5
Moldova,MDA,2020,2.9,,11.2,,3069131.0,13527.4413130967,0.0,24.9
Nepal,NPL,2020,3.51,,29.2,,28966574.0,4235.57462326905,,37.8
Nicaragua,NIC,2020,3.89,,30.9,,6565267.0,6274.09456741388,,
Pakistan,PAK,2020,3.18,,62.1,,235001746.0,5048.0213062963,,32.6
Singapore,SGP,2020,3.0,,,,5620150.0,102117.449503559,,4.6
Spain,ESP,2020,2.75,,11.7,,47679489.0,39327.8479269599,1.1,8.6
Syrian Arab Republic,SYR,2020,3.91,,74.0,,21049429.0,3878.42802993832,,
Tunisia,TUN,2020,3.81,,8.6,,11974057.0,11918.066205483,,28.0
Bahrain,BHR,2021,3.25,0.13,,0.23,1501764.0,54954.6757895532,,
Burundi,BDI,2021,3.54,0.99,89.7,0.12,12965481.0,1032.38274081999,,
Cambodia,KHM,2021,3.95,0.34,,0.26,16974305.0,6225.53265474741,,43.4
China,CHN,2021,3.13,0.23,16.6,0.19,1426437267.0,20843.2978347377,0.0,
Cote d'Ivoire,CIV,2021,2.91,0.28,50.5,0.11,29639736.0,6045.20480490881,20.8,41.0
Gabon,GAB,2021,3.81,0.26,37.2,0.29,2376722.0,18523.5798032135,,
Jamaica,JAM,2021,4.9,0.16,28.3,0.34,2837682.0,10430.6909771759,1.4,54.4
Jordan,JOR,2021,2.99,0.26,2.7,0.19,11066356.0,10056.5611261239,,
Malta,MLT,2021,3.8,0.11,3.3,0.21,524376.0,56823.9958525022,0.1,7.2
Mongolia,MNG,2021,5.55,0.12,43.2,0.16,3339674.0,14792.2509086422,,5.5
Mozambique,MOZ,2021,3.23,0.65,89.7,0.17,31707800.0,1457.23540930922,,
Myanmar,MMR,2021,,,,,53387102.0,5178.44718217164,,29.3
Oman,OMN,2021,2.45,0.05,,0.18,4500424.0,38719.4587682049,,
Peru,PER,2021,3.5,0.19,37.3,0.17,33155882.0,15285.7706852395,5.2,41.6
Thailand,THA,2021,,0.19,,0.2,71727332.0,20236.9760408784,0.0,7.1
United States,USA,2021,2.36,0.06,2.9,0.32,340161441.0,71441.231980595,0.3,8.6
Antigua and Barbuda,ATG,2022,5.46,,,,92840.0,29761.8058055292,,13.5
Argentina,ARG,2022,,,,,45407904.0,29804.0832363731,1.3,36.1
Aruba,ABW,2022,5.01,,,,107782.0,41863.2739964163,,
Austria,AUT,2022,2.82,,2.4,,9064677.0,72286.6352565355,0.6,4.9
Botswana,BWA,2022,3.62,,58.7,,2439892.0,19973.6684436048,,55.4
British Virgin Islands,VGB,2022,5.15,,,,38319.0,,,
Cameroon,CMR,2022,3.91,,54.1,,27632771.0,5188.15515765322,,60.3
Colombia,COL,2022,4.12,,39.8,,51737944.0,20854.002999162,9.3,30.6
Croatia,HRV,2022,4.25,,18.5,,3907027.0,42125.1926231817,0.4,7.9
Ethiopia,ETH,2022,4.29,,74.5,,125384287.0,2844.47188098448,,59.0
Guinea-Bissau,GNB,2022,3.74,,67.0,,2105529.0,2785.7846268362,,62.5
Montenegro,MNE,2022,4.48,,12.2,,614648.0,28049.7293227735,,12.3
Niger,NER,2022,4.48,,86.9,,25311973.0,1847.58034360869,,50.3
Romania,ROU,2022,3.57,,27.9,,19166772.0,41979.4260140907,1.5,19.1
Serbia,SRB,2022,4.66,,11.3,,8509159.0,26142.9143111159,2.0,13.0
Slovak Republic,SVK,2022,3.57,,27.4,,5473197.0,41529.408474315,0.7,9.0
United Arab Emirates,ARE,2022,2.93,,2.3,,10242086.0,75059.7702106115,,
Uruguay,URY,2022,4.01,,35.5,,3390913.0,33033.5719368346,0.2,15.7
Uzbekistan,UZB,2022,4.52,,17.2,,34938955.0,10809.1380396181,4.4,26.1
Bangladesh,BGD,2023,4.33,,41.5,,171466990.0,9155.31731992295,,
Curacao,CUW,2023,5.07,,,,185427.0,30676.8522403072,,
Czechia,CZE,2023,3.94,,6.4,,10809716.0,56062.3957561294,0.0,10.0
Djibouti,DJI,2023,4.5,,54.2,,1152944.0,7231.79450192575,,49.2
Dominican Republic,DOM,2023,5.21,,20.5,,11331265.0,25861.2335511855,1.3,43.8
Fiji,FJI,2023,4.47,,61.1,,924145.0,14656.2474506851,,
Germany,DEU,2023,4.14,,5.2,,84548231.0,72262.2235142279,,4.1
Ghana,GHA,2023,4.29,,66.4,,33787914.0,7562.64422849208,,44.5
Greece,GRC,2023,4.44,,24.6,,10242908.0,42613.6574438075,0.6,6.6
Guatemala,GTM,2023,4.78,,50.0,,18124838.0,13751.6084364487,9.7,48.8
"Hong Kong SAR, China",HKG,2023,4.77,,,,7442734.0,71519.1754897022,,
Indonesia,IDN,2023,4.63,,71.6,,281190067.0,15428.3856954945,6.7,4.5
"Korea, Rep.",KOR,2023,6.75,,5.6,,51748739.0,57429.8031076402,,5.4
Lesotho,LSO,2023,4.97,,76.8,,2311472.0,2879.59482438145,,59.9
Mexico,MEX,2023,4.28,,21.9,,129739759.0,25188.3182559609,,19.3
Moldova,MDA,2023,3.57,,15.0,,3067070.0,17750.5576656772,0.1,25.1
Nepal,NPL,2023,4.0,,20.6,,29694614.0,5399.65505811688,,36.6
Nicaragua,NIC,2023,4.9,,27.1,,6823613.0,8326.83840449159,,
Pakistan,PAK,2023,4.08,,67.2,,247504495.0,6018.94650802152,,42.1
Singapore,SGP,2023,3.46,,,,5789090.0,144728.385132013,,9.5
Spain,ESP,2023,4.13,,9.9,,47911579.0,55661.317481747,0.8,6.5
Syrian Arab Republic,SYR,2023,7.26,,74.4,,23594623.0,,,
Tunisia,TUN,2023,4.77,,8.5,,12200431.0,14052.1687041992,,25.4
Belgium,BEL,2024,3.03,,1.0,,11738763.0,74224.5510568017,,
Belize,BLZ,2024,4.54,,17.7,,417072.0,14367.3539278152,,
Bermuda,BMU,2024,4.54,,,,64636.0,118727.973294368,,
"Congo, Dem. Rep.",COD,2024,2.77,,90.8,,109276265.0,1823.27705135453,,
Ecuador,ECU,2024,3.56,,28.7,,18135478.0,15848.3400023446,7.3,
"Egypt, Arab Rep.",EGY,2024,6.39,,45.4,,116538258.0,19121.874936645,,
Equatorial Guinea,GNQ,2024,4.79,,61.9,,1892516.0,17072.4273818835,,
Guinea,GIN,2024,5.1,,50.4,,14754785.0,4571.93087130821,,
Kazakhstan,KAZ,2024,3.02,,4.0,,20592571.0,40950.3167392792,,
Kyrgyz Republic,KGZ,2024,3.76,,24.4,,7186009.0,8208.03081858011,2.2,
Liberia,LBR,2024,3.56,,62.1,,5612817.0,1873.76133636244,,
Madagascar,MDG,2024,3.96,,85.3,,31964956.0,1888.66403175151,,
Malawi,MWI,2024,4.69,,92.1,,21655286.0,1860.31534523381,,
Maldives,MDV,2024,4.3,,4.7,,527799.0,26220.8078173473,,
Philippines,PHL,2024,4.38,,47.4,,115843670.0,11813.805926453,,
Qatar,QAT,2024,2.66,,2.2,,3048423.0,126712.582876079,,
Sierra Leone,SLE,2024,3.84,,63.6,,8642022.0,3527.42124292431,,
St. Vincent and the Grenadines,VCT,2024,6.43,,,,100616.0,21302.9730252553,,
Turks and Caicos Islands,TCA,2024,,,,,46535.0,38009.5079479808,,
Zambia,ZMB,2024,3.98,,86.3,,21314956.0,4221.01397093025,,
Belgium,BEL,2025,3.12,,0.9,,11758603.0,74675.607672673,,
Belize,BLZ,2025,4.69,,17.8,,422924.0,14965.7521203147,,
Bermuda,BMU,2025,4.78,,,,64555.0,,,
"Congo, Dem. Rep.",COD,2025,2.66,,90.1,,112832473.0,1919.82250200565,,
Ecuador,ECU,2025,3.66,,25.7,,18289896.0,16756.6539631307,3.4,
"Egypt, Arab Rep.",EGY,2025,6.06,,38.5,,118365995.0,20204.0130500153,,
Equatorial Guinea,GNQ,2025,4.88,,63.2,,1938431.0,16133.1056143137,,
Guinea,GIN,2025,5.33,,50.3,,15099727.0,4934.65125959855,,
Kazakhstan,KAZ,2025,3.07,,3.4,,20843754.0,44293.4839632441,,
Kyrgyz Republic,KGZ,2025,3.91,,22.1,,7295034.0,9219.51443675205,,
Liberia,LBR,2025,3.6,,59.6,,5731206.0,1981.09483342188,,
Madagascar,MDG,2025,4.08,,85.3,,32740678.0,1952.48426903369,,
Malawi,MWI,2025,5.01,,92.7,,22216120.0,1899.29166528127,,
Maldives,MDV,2025,4.45,,4.2,,529676.0,28554.8945669737,,
Philippines,PHL,2025,4.48,,45.0,,116786962.0,12576.9867435109,,
Qatar,QAT,2025,2.73,,1.9,,3115889.0,128882.934242572,,
Sierra Leone,SLE,2025,3.89,,61.9,,8819794.0,3716.89410482498,,
St. Vincent and the Grenadines,VCT,2025,6.71,,,,99924.0,22799.4005332261,,
Turks and Caicos Islands,TCA,2025,,,,,46855.0,,,
Zambia,ZMB,2025,4.18,,86.2,,21913874.0,4379.26131013191,,
Belgium,BEL,2017,2.0,,2.6,,11376581.0,50256.0631772784,0.2,
Belize,BLZ,2017,2.56,,25.7,,373202.0,9120.65338346029,,
Bermuda,BMU,2017,2.88,,,,63578.0,85680.9701917217,,
"Congo, Dem. Rep.",COD,2017,4.25,,95.8,,87083398.0,990.545051394781,,
Ecuador,ECU,2017,2.5,,23.7,,16759519.0,11793.4797426944,4.3,26.2
"Egypt, Arab Rep.",EGY,2017,3.81,,40.2,,103696057.0,11124.7351098149,3.1,33.1
Equatorial Guinea,GNQ,2017,3.7,,57.0,,1562396.0,18434.7708571004,,
Guinea,GIN,2017,2.59,,47.1,,12385659.0,2687.09504827171,,
Kazakhstan,KAZ,2017,2.12,,11.5,,18651931.0,23973.0602295651,0.1,2.1
Kyrgyz Republic,KGZ,2017,3.23,,46.1,,6220150.0,4953.71755085199,8.2,6.3
Liberia,LBR,2017,3.24,,65.8,,4848925.0,1664.94481323565,,81.0
Madagascar,MDG,2017,3.08,,82.5,,26788375.0,1546.88001890817,,
Malawi,MWI,2017,2.38,,85.5,,18039715.0,1380.23263621737,,80.3
Maldives,MDV,2017,3.36,,8.1,,458287.0,19767.8893613468,,
Philippines,PHL,2017,3.26,,49.4,,108119693.0,7773.79853599024,,
Qatar,QAT,2017,2.32,,1.7,,2706709.0,99358.3403307696,0.0,
Sierra Leone,SLE,2017,2.64,,65.0,,7379299.0,2501.4531554482,,83.0
St. Vincent and the Grenadines,VCT,2017,4.3,,,,105663.0,13575.4319769513,,33.3
Turks and Caicos Islands,TCA,2017,2.8,,,,39913.0,30097.3550560987,,
Zambia,ZMB,2017,2.73,,82.8,,17441320.0,3391.62768492775,,52.0
Antigua and Barbuda,ATG,2018,4.24,,,,90926.0,24524.2137953887,,
Argentina,ARG,2018,,,,,44654882.0,24410.3919063335,1.6,35.8
Aruba,ABW,2018,4.0,,,,106432.0,39287.0597126122,,
Austria,AUT,2018,2.11,,2.4,,8841650.0,56636.4953030542,0.6,3.6
Botswana,BWA,2018,3.0,,60.0,,2299141.0,15785.819633781,,53.1
British Virgin Islands,VGB,2018,3.51,,,,34657.0,,,
Cameroon,CMR,2018,2.74,,50.6,,24806383.0,4010.76360069526,,57.0
Colombia,COL,2018,2.87,,36.6,,49024465.0,15239.4049488277,9.8,26.5
Croatia,HRV,2018,3.36,,27.6,,4024868.0,29789.4340021154,0.5,10.0
Ethiopia,ETH,2018,3.04,,65.3,,112664152.0,2095.3175782979,,57.9
Guinea-Bissau,GNB,2018,3.04,,65.8,,1922168.0,2057.96969129146,37.1,61.8
Montenegro,MNE,2018,3.24,,19.7,,615795.0,21083.6815338423,3.9,12.9
Niger,NER,2018,3.27,,84.6,,22188069.0,1272.37841849427,59.0,50.0
Romania,ROU,2018,2.84,,50.0,,19597872.0,29382.8866943611,3.7,14.5
Serbia,SRB,2018,3.64,,21.1,,8787760.0,18469.1042989985,4.2,12.5
Slovak Republic,SVK,2018,2.53,,21.4,,5443232.0,31509.8187291635,0.5,5.0
United Arab Emirates,ARE,2018,2.74,,3.1,,9346870.0,77446.2084020359,0.0,
Uruguay,URY,2018,2.93,,32.0,,3394534.0,24386.4948473952,0.1,13.3
Uzbekistan,UZB,2018,4.07,,21.7,,32373490.0,8491.93421125471,,17.2
Bangladesh,BGD,2019,3.41,,55.1,,164913055.0,6047.12401504125,,
Curacao,CUW,2019,3.35,,,,189543.0,25396.9967729561,,
Czechia,CZE,2019,2.97,,4.2,,10554875.0,45614.0171132532,0.0,4.2
Djibouti,DJI,2019,3.31,,55.3,,1088709.0,5398.00036773984,,
Dominican Republic,DOM,2019,3.74,,21.2,,10894043.0,19766.7628586981,1.0,55.0
Fiji,FJI,2019,3.41,,57.5,,914899.0,12978.0990352704,4.7,14.3
Germany,DEU,2019,2.87,,2.6,,83559186.0,59310.9693966204,0.2,3.4
Ghana,GHA,2019,3.48,,64.8,,31258945.0,6002.55044678386,,38.2
Greece,GRC,2019,3.1,,28.4,,10718576.0,31927.3792151369,1.0,8.6
Guatemala,GTM,2019,3.45,,47.3,,17103803.0,10755.8801029589,,49.6
"Hong Kong SAR, China",HKG,2019,3.78,,,,7485813.0,61221.4195400701,,
Indonesia,IDN,2019,3.68,,70.5,,272489381.0,11986.4701508376,10.9,5.8
"Korea, Rep.",KOR,2019,4.9,,8.3,,51767846.0,46511.2196957018,0.2,5.1
Lesotho,LSO,2019,3.74,,72.5,,2209405.0,2568.34114362719,,50.6
Mexico,MEX,2019,2.98,,30.1,,125762982.0,20964.2774863762,,25.3
Moldova,MDA,2019,2.65,,10.1,,3112562.0,13413.2232935126,0.0,27.2
Nepal,NPL,2019,3.36,,27.8,,28414064.0,4260.67373190851,,36.4
Nicaragua,NIC,2019,3.78,,29.5,,6483657.0,5981.10876431466,,
Pakistan,PAK,2019,2.95,,59.7,,230800899.0,5037.53401559745,,24.3
Singapore,SGP,2019,2.93,,,,5669563.0,105521.619340296,,4.5
Spain,ESP,2019,2.71,,11.3,,47435119.0,44042.757577336,0.9,8.8
Syrian Arab Republic,SYR,2019,2.61,,41.0,,20353534.0,3502.17536117799,,
Tunisia,TUN,2019,3.79,,7.3,,11875081.0,12494.7905733455,,25.0
Albania,ALB,2020,3.4,,17.6,,2871954.0,16287.6136733864,0.3,30.9
Australia,AUS,2020,2.51,,3.8,,25743791.0,54184.1614486854,0.9,11.9
Azerbaijan,AZE,2020,3.28,,1.9,,10181730.0,15163.5703327282,,9.5
Barbados,BRB,2020,,,,,281698.0,16543.717996277,,31.1
Benin,BEN,2020,2.91,,63.7,,13070169.0,3244.58772756805,,61.9
Bhutan,BTN,2020,4.87,,17.0,,770006.0,12475.048003428,,
Bulgaria,BGR,2020,3.8,,34.4,,6933652.0,27351.8659900682,0.7,15.5
Cayman Islands,CYM,2020,3.81,,,,68684.0,66118.6540859028,,
Chile,CHL,2020,3.79,,51.7,,19370624.0,25357.0056990873,1.7,17.4
Cyprus,CYP,2020,3.14,,3.0,,1302247.0,42569.06640625,0.0,
Denmark,DNK,2020,2.41,,1.3,,5831530.0,62682.2899474389,0.2,5.5
Dominica,DMA,2020,5.03,,,,67573.0,14243.7623123898,,34.4
El Salvador,SLV,2020,,,,,6234673.0,9392.68913817943,,46.5
Ireland,IRL,2020,2.22,,2.0,,4982606.0,97677.4943055886,0.2,6.5
Kenya,KEN,2020,3.1,,76.3,,52217334.0,4792.57315847182,44.4,69.5
Lebanon,LBN,2020,3.15,,3.6,,5702398.0,16259.7051312281,,29.1
Mauritius,MUS,2020,3.63,,22.1,,1283223.0,21621.5971225157,,28.2
Sint Maarten,SXM,2020,4.78,,,,41008.0,38901.4867603712,,
"Somalia, Fed. Rep.",SOM,2020,,,,,16651191.0,1454.26711848855,,
Sri Lanka,LKA,2020,3.66,,33.5,,22561807.0,12940.9043296014,,10.0
Togo,TGO,2020,2.81,,54.7,,7788054.0,2653.96061995284,,54.7
Trinidad and Tobago,TTO,2020,4.11,,32.8,,1481024.0,26731.3556410029,,
Armenia,ARM,2021,3.8,0.09,56.8,0.16,2870349.0,15921.705281964,2.1,8.0
Belarus,BLR,2021,3.3,0.09,1.5,0.14,9251365.0,27611.1801135157,,1.3
Brazil,BRA,2021,3.97,0.24,31.2,0.17,209550294.0,18075.7060049068,7.5,22.1
Central African Republic,CAF,2021,3.63,0.77,87.1,0.26,5112100.0,1128.55237996459,71.6,88.1
Comoros,COM,2021,4.48,0.32,54.5,0.26,818174.0,3449.0435745318,,79.7
"Congo, Rep.",COG,2021,3.74,0.5,77.1,0.21,5892183.0,6263.21161292636,,
Honduras,HND,2021,3.81,0.37,39.4,0.2,10289877.0,6202.98078812037,,49.3
Hungary,HUN,2021,3.68,0.09,31.8,0.27,9707850.0,38887.1909527154,,12.6
"Iran, Islamic Rep.",IRN,2021,3.37,,40.4,,88455488.0,15884.4276775963,3.7,40.8
Japan,JPN,2021,5.98,0.32,14.2,0.26,125679338.0,45999.4617966896,,4.4
Kuwait,KWT,2021,2.46,0.07,,0.35,4360742.0,50651.9575337091,,10.8
Mauritania,MRT,2021,4.43,0.3,54.6,0.2,4734874.0,5836.56580821897,,53.7
Morocco,MAR,2021,2.76,0.17,12.5,0.19,36954442.0,8623.265625,,
Namibia,NAM,2021,3.75,0.41,48.5,0.26,2810548.0,9709.09930646771,,57.7
Netherlands,NLD,2021,2.54,0.04,1.4,0.23,17730564.0,68573.5648786447,0.1,4.5
New Zealand,NZL,2021,2.86,0.07,,0.21,5107697.0,48202.0913368233,,15.1
Norway,NOR,2021,3.63,0.12,1.2,0.26,5408091.0,92205.7698636049,0.2,5.2
Russian Federation,RUS,2021,2.77,,20.2,0.2,145836175.0,38638.4296875,0.2,4.8
Seychelles,SYC,2021,3.79,0.51,40.2,0.32,122987.0,29979.8272686091,,
Slovenia,SVN,2021,3.01,0.06,2.2,0.25,2113494.0,45922.6632600134,0.0,7.0
Sudan,SDN,2021,,0.22,,0.2,48066924.0,3248.9755859375,,
Sweden,SWE,2021,3.06,0.04,4.3,0.29,10416131.0,62190.8526983825,0.6,5.4
Switzerland,CHE,2021,2.63,0.06,1.2,0.26,8707023.0,83524.9832880195,0.0,2.1
Uganda,UGA,2021,2.95,0.76,74.6,0.13,45910930.0,2684.92035939744,,65.9
Zimbabwe,ZWE,2021,,0.46,,0.22,15797210.0,4827.10960165994,,73.6
Angola,AGO,2022,4.55,,71.4,,35635029.0,9373.4083091956,,
Brunei Darussalam,BRN,2022,5.32,,,,455370.0,81788.7819525501,,
Burkina Faso,BFA,2022,3.48,,66.6,,22509038.0,2644.82146127902,,40.7
Cabo Verde,CPV,2022,3.38,,54.5,,519741.0,9479.57079016694,,34.3
Canada,CAN,2022,3.91,,2.8,,38821259.0,64217.0443455227,0.3,8.5
Chad,TCD,2022,3.49,,63.4,,18455316.0,2623.702025997,39.5,67.0
Costa Rica,CRI,2022,4.17,,56.4,,5081765.0,26891.9730070246,1.6,16.2
Estonia,EST,2022,3.81,,11.2,,1350091.0,48029.83322897,0.5,9.3
Eswatini,SWZ,2022,4.05,,68.6,,1218917.0,10633.7069148254,,57.2
Finland,FIN,2022,3.33,,1.4,,5569299.0,62133.1375219912,0.1,12.6
France,FRA,2022,3.38,,3.5,,66277409.0,57012.0586826676,0.1,7.9
"Gambia, The",GMB,2022,3.81,,44.5,,2636470.0,3066.82429529872,,59.0
Grenada,GRD,2022,5.11,,25.4,,116913.0,17541.2011831673,,18.6
Guyana,GUY,2022,6.37,,24.9,,821637.0,39704.6761521236,,25.5
India,IND,2022,3.67,,47.8,,1425423212.0,8941.09277447514,5.3,
Iraq,IRQ,2022,3.76,,24.5,,44070551.0,14388.8485236797,,
Israel,ISR,2022,3.12,,20.9,,9103151.0,53616.7140829107,0.4,7.2
Italy,ITA,2022,3.67,,7.1,,59619115.0,57260.8945372493,0.7,2.0
Latvia,LVA,2022,4.19,,19.9,,1881063.0,40546.4638799692,0.4,10.2
Lithuania,LTU,2022,3.7,,12.6,,2816919.0,50653.3394443751,0.8,6.1
Malaysia,MYS,2022,3.89,,2.1,,34695493.0,34414.4136245222,,16.7
Panama,PAN,2022,3.96,,54.8,,4400773.0,36327.3867449699,,
Paraguay,PRY,2022,4.47,,27.5,,6760464.0,16305.6206649067,3.2,26.2
Poland,POL,2022,3.84,,9.0,,38385739.0,46777.5524519162,0.3,5.5
Portugal,PRT,2022,3.57,,16.9,,10417073.0,45250.0152469537,0.2,12.3
Rwanda,RWA,2022,3.87,,74.9,,13651030.0,3195.28136566525,,
Saudi Arabia,SAU,2022,2.87,,,,32175352.0,71956.6694296826,,
South Africa,ZAF,2022,3.46,,57.3,,62378410.0,14746.7103701698,17.4,20.0
St. Kitts and Nevis,KNA,2022,4.59,,,,46709.0,31865.8304697944,,
Tajikistan,TJK,2022,,,,,10182222.0,4513.4597158968,8.9,28.0
Viet Nam,VNM,2022,4.17,,9.4,,99680655.0,13902.9499867089,1.6,10.8
West Bank and Gaza,PSE,2022,3.03,,6.7,,5305270.0,6162.27222447827,,27.4
Albania,ALB,2023,4.88,,13.9,,2811655.0,24847.5057998051,,33.0
Australia,AUS,2023,3.19,,3.2,,26451124.0,72272.7092136683,,13.8
Azerbaijan,AZE,2023,4.13,,1.1,,10318207.0,23671.0936895744,,14.0
Barbados,BRB,2023,,,,,282336.0,23176.0027148492,,
Benin,BEN,2023,3.3,,56.3,,14111034.0,4133.3701351778,,65.6
Bhutan,BTN,2023,5.69,,4.3,,786385.0,16228.5169143762,,
Bulgaria,BGR,2023,5.51,,24.8,,6795803.0,38829.297423161,1.0,11.6
Cayman Islands,CYM,2023,4.58,,,,73038.0,88395.1826392376,,
Chile,CHL,2023,5.2,,42.3,,19658835.0,33173.5278418356,,19.2
Cyprus,CYP,2023,3.94,,1.8,,1344976.0,59874.734375,0.0,1.4
Denmark,DNK,2023,3.21,,1.4,,5948136.0,77425.3867230346,0.4,6.9
Dominica,DMA,2023,6.15,,,,66510.0,20302.7023497562,,
El Salvador,SLV,2023,,,,,6309624.0,12667.4662875421,4.6,45.5
Ireland,IRL,2023,2.91,,1.2,,5196630.0,133440.438499393,0.1,4.8
Kenya,KEN,2023,4.1,,76.9,,55339003.0,6322.24569873446,,73.9
Lebanon,LBN,2023,6.42,,45.2,,5773493.0,12585.1973845359,,42.4
Mauritius,MUS,2023,4.42,,19.2,,1273588.0,29402.9391464973,,31.1
Sint Maarten,SXM,2023,4.99,,,,42749.0,51729.2528621078,,
"Somalia, Fed. Rep.",SOM,2023,,,,,18358615.0,1556.89233845758,,
Sri Lanka,LKA,2023,4.89,,38.8,,22971617.0,14512.1432202455,,11.2
Togo,TGO,2023,3.58,,54.9,,8223850.0,3572.00417260831,,58.5
Trinidad and Tobago,TTO,2023,5.35,,33.0,,1502932.0,34651.9065448775,,27.6
Algeria,DZA,2024,5.53,,41.8,,46814308.0,17646.332598878,,
"Bahamas, The",BHS,2024,5.55,,,,401283.0,41257.7650774105,,
Bolivia,BOL,2024,4.82,,9.5,,12413315.0,12896.3370149215,2.1,
Bosnia and Herzegovina,BIH,2024,6.45,,12.7,,3164253.0,25148.0128390147,,
Haiti,HTI,2024,6.19,,87.9,,11772557.0,3168.87908307377,,
Iceland,ISL,2024,3.5,,1.8,,393396.0,83561.4294628375,,
Lao PDR,LAO,2024,5.19,,51.9,,7769819.0,9790.02538664409,7.1,
Luxembourg,LUX,2024,3.65,,0.9,,673036.0,156079.3685607,,
Mali,MLI,2024,3.86,,61.4,,24478595.0,3321.57614442921,,
Nigeria,NGA,2024,4.72,,81.6,,232679478.0,9099.86943863676,,
North Macedonia,MKD,2024,5.19,,16.1,,1823009.0,26995.5213483235,,
Sao Tome and Principe,STP,2024,4.64,,49.1,,235536.0,6274.34741942922,,
Senegal,SEN,2024,3.73,,47.4,,18501984.0,5097.24318834766,,
South Sudan,SSD,2024,3.79,,95.0,,11943408.0,,,
St. Lucia,LCA,2024,5.18,,7.4,,179744.0,28116.7677870924,,
Suriname,SUR,2024,6.16,,25.6,,634431.0,21832.187015648,,
Tanzania,TZA,2024,3.39,,73.0,,68560157.0,4226.92626953125,,
United Kingdom,GBR,2024,2.67,,2.9,,69138192.0,62839.4679324927,,
Algeria,DZA,2025,5.56,,38.8,,47435312.0,18586.2607480579,,
"Bahamas, The",BHS,2025,5.63,,,,403033.0,,,
Bolivia,BOL,2025,5.39,,10.5,,12581843.0,12873.0394876629,,
Bosnia and Herzegovina,BIH,2025,6.88,,12.7,,3140095.0,25814.2641520511,,
Haiti,HTI,2025,6.51,,88.9,,11906095.0,3133.72347930529,,
Iceland,ISL,2025,3.65,,1.8,,398266.0,83431.2131434311,,
Lao PDR,LAO,2025,5.23,,49.7,,7873046.0,10382.9990718948,,
Luxembourg,LUX,2025,3.73,,0.9,,680453.0,156542.075847247,,
Mali,MLI,2025,3.98,,60.8,,25198821.0,3502.76132351788,,
Nigeria,NGA,2025,4.18,,80.5,,237527782.0,9531.61073275049,,
North Macedonia,MKD,2025,5.39,,15.6,,1813791.0,28028.5664230631,,
Sao Tome and Principe,STP,2025,4.91,,51.1,,240254.0,6388.47738664299,,
Senegal,SEN,2025,3.83,,45.5,,18931966.0,5463.21828561328,,
South Sudan,SSD,2025,4.09,,93.9,,12188788.0,,,
St. Lucia,LCA,2025,5.24,,7.1,,180149.0,28673.8437920214,,
Suriname,SUR,2025,5.94,,23.7,,639850.0,22652.3952637959,,
Tanzania,TZA,2025,3.53,,73.0,,70545865.0,4470.9541015625,,
United Kingdom,GBR,2025,2.75,,2.9,,69551332.0,64606.4955066338,,
Albania,ALB,2017,3.04,,29.2,,2898242.0,14110.6720568255,1.4,38.6
Australia,AUS,2017,2.33,,3.5,,24731038.0,48564.8286592372,,12.7
Azerbaijan,AZE,2017,2.9,,1.5,,9968510.0,14315.9296431061,,8.5
Barbados,BRB,2017,,,,,280171.0,18969.5916506588,,
Benin,BEN,2017,2.85,,80.1,,12039780.0,2885.89383987721,,66.3
Bhutan,BTN,2017,4.13,,28.8,,754335.0,11677.4142659974,2.6,
Bulgaria,BGR,2017,3.39,,51.7,,7075636.0,22317.2366242463,2.0,12.0
Cayman Islands,CYM,2017,3.5,,,,64535.0,68017.6758327335,,
Chile,CHL,2017,3.38,,50.1,,18558868.0,24295.223766602,0.5,13.7
Cyprus,CYP,2017,2.89,,5.5,,1254275.0,37768.08984375,0.1,
Denmark,DNK,2017,2.2,,0.9,,5765168.0,55271.5976002659,0.1,5.4
Dominica,DMA,2017,4.18,,,,68496.0,12696.1956612622,,
El Salvador,SLV,2017,,,,,6213533.0,8965.2189086345,4.6,41.6
Ireland,IRL,2017,2.33,,4.1,,4810261.0,80409.4548397032,0.3,6.6
Kenya,KEN,2017,2.56,,69.8,,49197766.0,4177.24993580267,,60.9
Lebanon,LBN,2017,1.71,,0.1,,6160128.0,20963.8249472533,,
Mauritius,MUS,2017,3.38,,18.1,,1290655.0,22897.9700922103,0.5,18.5
Sint Maarten,SXM,2017,4.43,,,,38996.0,44479.2967076826,,
"Somalia, Fed. Rep.",SOM,2017,,,,,14916629.0,1596.81409178022,,
Sri Lanka,LKA,2017,3.86,,32.3,,22087522.0,13610.4723136277,,6.5
Togo,TGO,2017,2.54,,64.6,,7324386.0,2184.16434341899,,61.7
Trinidad and Tobago,TTO,2017,3.72,,28.0,,1445261.0,28484.2557157494,,
Bahrain,BHR,2018,3.19,,,,1497626.0,51993.1307818652,,
Burundi,BDI,2018,3.12,,88.6,,11859446.0,823.013102241659,,
Cambodia,KHM,2018,3.62,,,,16274522.0,5616.98087023303,,36.4
China,CHN,2018,2.63,,24.9,,1419008956.0,16298.2050619109,0.7,
Cote d'Ivoire,CIV,2018,2.69,,52.1,,27464173.0,4945.62520575915,21.7,38.2
Gabon,GAB,2018,3.31,,33.7,,2212318.0,15432.0430535353,,
Jamaica,JAM,2018,4.79,,23.0,,2820097.0,10752.7406650924,0.4,45.8
Jordan,JOR,2018,2.9,,2.5,,10462306.0,9889.90818777299,,
Malta,MLT,2018,3.49,,4.8,,484558.0,48178.5049931669,0.2,4.3
Mongolia,MNG,2018,4.26,,49.8,,3167706.0,12317.4824277695,1.7,
Mozambique,MOZ,2018,2.71,,86.2,,29018644.0,1325.58695568953,,
Myanmar,MMR,2018,,,,,52272247.0,5581.2769545815,,
Oman,OMN,2018,2.39,,,,4597877.0,37780.3308327271,,
Peru,PER,2018,3.19,,33.3,,31897584.0,13078.2323503405,6.1,35.7
Thailand,THA,2018,,,,,71376079.0,18876.2208766741,0.1,4.7
United States,USA,2018,2.18,,5.3,,335056497.0,62875.6661382728,1.1,8.4
Algeria,DZA,2019,4.18,,40.1,,43294546.0,13892.5333446205,,17.6
"Bahamas, The",BHS,2019,4.12,,,,394675.0,36116.0002025353,,
Bolivia,BOL,2019,3.75,,9.7,,11671386.0,11005.3541169156,3.1,
Bosnia and Herzegovina,BIH,2019,4.34,,15.9,,3345533.0,16428.7132755213,,10.0
Haiti,HTI,2019,4.28,,79.5,,11105163.0,3236.97492504607,,82.7
Iceland,ISL,2019,2.52,,2.1,,360700.0,61270.1315624391,0.1,6.6
Lao PDR,LAO,2019,3.92,,56.7,,7237636.0,7743.21906534261,,29.4
Luxembourg,LUX,2019,2.62,,1.4,,620163.0,121371.73990307,0.1,3.1
Mali,MLI,2019,2.97,,51.3,,21068405.0,2819.86582297259,,23.9
Nigeria,NGA,2019,3.17,,70.1,,209485641.0,7551.39380361669,,53.5
North Macedonia,MKD,2019,3.49,,20.4,,1897641.0,20222.4719203634,3.9,17.7
Sao Tome and Principe,STP,2019,2.98,,44.4,,213392.0,4655.48496449805,,
Senegal,SEN,2019,2.79,,47.6,,16352922.0,3647.95137357242,,33.3
South Sudan,SSD,2019,3.55,,92.4,,10423384.0,,,85.7
St. Lucia,LCA,2019,4.03,,8.3,,177661.0,18662.8504698815,,
Suriname,SUR,2019,4.67,,20.9,,605768.0,19771.5473885151,,
Tanzania,TZA,2019,2.45,,73.4,,59174891.0,2981.87451171875,,56.3
United Kingdom,GBR,2019,1.83,,3.6,,67110958.0,50493.9441896153,0.4,3.9
Belgium,BEL,2020,2.28,,1.1,,11540107.0,56120.0958420466,0.1,4.8
Belize,BLZ,2020,3.16,,21.6,,390812.0,9638.89513695889,,42.3
Bermuda,BMU,2020,3.33,,,,64382.0,85146.4006275696,,
"Congo, Dem. Rep.",COD,2020,3.44,,93.7,,95989998.0,1088.7890035637,85.3,72.3
Ecuador,ECU,2020,2.77,,30.9,,17546065.0,11526.8013009278,8.4,36.8
"Egypt, Arab Rep.",EGY,2020,3.88,,31.0,,109315124.0,15231.865417764,,27.3
Equatorial Guinea,GNQ,2020,3.93,,61.2,,1716468.0,13677.110587517,,
Guinea,GIN,2020,3.36,,45.4,,13371183.0,3331.85663003801,,
Kazakhstan,KAZ,2020,2.43,,8.0,,19482117.0,29039.8229624509,0.0,2.8
Kyrgyz Republic,KGZ,2020,3.21,,45.9,,6664140.0,5178.5619670404,9.4,6.6
Liberia,LBR,2020,3.78,,70.8,,5149463.0,1659.52109145991,,80.6
Madagascar,MDG,2020,3.2,,85.3,,28953556.0,1490.32312839072,,61.1
Malawi,MWI,2020,3.1,,88.9,,19533888.0,1513.45990803344,,81.3
Maldives,MDV,2020,3.33,,11.2,,502118.0,13425.3674459601,,13.4
Philippines,PHL,2020,3.55,,53.3,,112081264.0,8238.36802037457,,40.1
Qatar,QAT,2020,2.44,,3.3,,2803375.0,82149.3573751713,,
Sierra Leone,SLE,2020,2.83,,63.1,,7912558.0,2719.0728691734,,86.7
St. Vincent and the Grenadines,VCT,2020,4.65,,,,103526.0,15336.5987771764,,
Turks and Caicos Islands,TCA,2020,,,,,44386.0,19530.0254075613,,
Zambia,ZMB,2020,2.96,,85.5,,19059395.0,3157.30009311643,,51.8
Angola,AGO,2021,4.11,0.44,71.1,0.11,34532429.0,8720.18768742123,,78.5
Brunei Darussalam,BRN,2021,4.86,0.12,,0.27,451721.0,78248.797127611,,
Burkina Faso,BFA,2021,2.97,0.48,62.7,0.19,21995243.0,2486.43093147762,42.1,40.5
Cabo Verde,CPV,2021,2.92,0.14,58.4,0.33,516649.0,7685.41921393669,,34.8
Canada,CAN,2021,3.52,0.11,1.8,0.25,38454057.0,56995.0952020711,0.2,7.7
Chad,TCD,2021,3.04,0.5,62.0,0.14,17828273.0,2435.07274651099,,69.4
Costa Rica,CRI,2021,3.7,0.17,55.2,0.23,5059988.0,24083.5988182437,2.2,16.2
Estonia,EST,2021,3.34,0.05,6.4,0.24,1331749.0,44247.4198971873,0.3,8.5
Eswatini,SWZ,2021,3.8,0.19,67.7,0.23,1206593.0,9990.43491951205,,57.7
Finland,FIN,2021,2.87,0.04,1.1,0.31,5541075.0,56790.3766177692,0.0,10.5
France,FRA,2021,2.96,0.04,3.6,0.31,66083548.0,52517.3354905855,0.1,6.6
"Gambia, The",GMB,2021,3.45,0.46,44.7,0.11,2576010.0,2777.79620978324,,60.7
Grenada,GRD,2021,4.59,0.17,27.9,0.28,116688.0,15290.250903138,,20.7
Guyana,GUY,2021,5.9,0.14,49.1,,815482.0,22865.9270968882,,25.5
India,IND,2021,3.4,0.21,52.4,0.21,1414203896.0,7818.65701757504,,
Iraq,IRQ,2021,3.42,0.27,27.0,0.16,43071211.0,12731.7535755128,,
Israel,ISR,2021,2.75,0.06,21.2,0.21,8942924.0,46151.100820403,0.6,7.4
Italy,ITA,2021,3.17,0.04,8.5,0.25,59729350.0,49825.3934111848,0.9,2.2
Latvia,LVA,2021,3.55,0.08,17.3,0.24,1885587.0,36912.0130602161,0.5,9.3
Lithuania,LTU,2021,3.12,0.05,10.3,0.28,2794488.0,45897.3715026327,0.3,8.4
Malaysia,MYS,2021,3.52,0.09,3.1,0.21,34282399.0,29822.8491831618,0.0,16.0
Panama,PAN,2021,3.63,0.13,55.2,0.25,4345405.0,30932.7627780514,3.3,
Paraguay,PRY,2021,3.95,0.11,27.7,0.25,6684182.0,15400.9446332428,1.9,25.9
Poland,POL,2021,3.36,0.05,9.0,0.31,38040302.0,41059.5847829682,0.1,7.6
Portugal,PRT,2021,2.99,0.05,15.7,0.27,10390956.0,38657.6677223429,0.3,12.4
Rwanda,RWA,2021,3.31,0.57,74.6,0.1,13355260.0,2776.39276387923,,
Saudi Arabia,SAU,2021,2.62,0.03,,0.14,31328375.0,62690.4966645929,,
South Africa,ZAF,2021,3.14,0.25,58.1,0.2,61502603.0,13681.9548144813,,19.2
St. Kitts and Nevis,KNA,2021,3.95,0.13,,0.29,46763.0,26896.6177065978,,
Tajikistan,TJK,2021,,0.36,,0.14,9966908.0,3985.91247611219,9.1,31.0
Viet Nam,VNM,2021,3.88,0.28,9.6,0.17,98935098.0,12048.9019935536,,9.0
West Bank and Gaza,PSE,2021,2.72,0.27,8.3,0.17,5185336.0,5663.12160743584,,28.1
Armenia,ARM,2022,4.27,,57.0,,2880874.0,19158.3333506542,1.9,7.8
Belarus,BLR,2022,3.6,,1.5,,9173237.0,28424.9893656867,,1.2
Brazil,BRA,2022,4.39,,26.4,,210306415.0,19873.7032623309,4.9,18.4
Central African Republic,CAF,2022,3.94,,87.1,,5098039.0,1217.6567661451,,88.1
Comoros,COM,2022,4.85,,53.2,,834188.0,3712.34821507981,,79.7
"Congo, Rep.",COG,2022,4.16,,78.2,,6035104.0,6646.44331964568,,
Honduras,HND,2022,4.28,,39.4,,10463872.0,6804.41504589356,,43.7
Hungary,HUN,2022,4.5,,29.4,,9684306.0,44232.4363539167,,15.0
"Iran, Islamic Rep.",IRN,2022,4.09,,39.5,,89524246.0,17542.844026084,2.8,39.9
Japan,JPN,2022,6.62,,13.5,,124997578.0,49245.964174373,,5.5
Kuwait,KWT,2022,2.74,,,,4589511.0,55034.2790289403,,8.6
Mauritania,MRT,2022,5.04,,55.4,,4875637.0,6483.80020315347,,61.2
Morocco,MAR,2022,3.11,,13.2,,37329064.0,9308.556640625,,
Namibia,NAM,2022,4.11,,47.2,,2889662.0,10661.0118776397,,56.8
Netherlands,NLD,2022,2.96,,1.1,,17904421.0,78630.3599072098,,5.5
New Zealand,NZL,2022,3.28,,,,5131734.0,54080.0485491723,,16.4
Norway,NOR,2022,4.01,,1.3,,5456801.0,129914.042717786,0.3,6.8
Russian Federation,RUS,2022,3.06,,19.5,,145579899.0,40932.71484375,0.1,3.6
Seychelles,SYC,2022,4.05,,51.2,,125522.0,29215.6725189214,,
Slovenia,SVN,2022,3.49,,2.0,,2115228.0,52322.1405997493,0.0,7.9
Sudan,SDN,2022,,,,,49383346.0,3354.84643554688,,
Sweden,SWE,2022,3.56,,5.4,,10487338.0,66517.6358713011,1.3,6.0
Switzerland,CHE,2022,2.85,,1.1,,8792182.0,94629.7224204886,0.2,2.5
Uganda,UGA,2022,3.36,,75.7,,47312719.0,2918.71512173871,,59.5
Zimbabwe,ZWE,2022,,,,,16069056.0,5395.02452868174,,70.7
Belgium,BEL,2023,2.97,,1.0,,11712893.0,72629.6179311762,0.1,8.1
Belize,BLZ,2023,4.32,,18.4,,411106.0,13741.2085585188,,
Bermuda,BMU,2023,4.31,,,,64698.0,113596.12110365,,
"Congo, Dem. Rep.",COD,2023,3.19,,91.5,,105789731.0,1732.04870835091,,81.5
Ecuador,ECU,2023,3.44,,26.6,,17980083.0,15907.3619798807,4.7,33.3
"Egypt, Arab Rep.",EGY,2023,5.96,,42.7,,114535772.0,18540.1079077988,,30.8
Equatorial Guinea,GNQ,2023,4.6,,60.0,,1847549.0,16997.002016833,,
Guinea,GIN,2023,4.65,,48.6,,14405468.0,4337.3181486001,,
Kazakhstan,KAZ,2023,3.02,,5.1,,20330104.0,38546.9287207389,,2.0
Kyrgyz Republic,KGZ,2023,3.77,,32.1,,7073516.0,7304.10137976789,2.7,
Liberia,LBR,2023,3.64,,60.8,,5493031.0,1796.01250525501,,80.8
Madagascar,MDG,2023,3.87,,85.9,,31195932.0,1810.09891584306,,72.6
Malawi,MWI,2023,4.29,,91.1,,21104482.0,1831.97332483901,,81.7
Maldives,MDV,2023,4.01,,5.5,,525994.0,24806.6325837081,,
Philippines,PHL,2023,4.21,,49.1,,114891199.0,10994.8840414773,5.3,32.9
Qatar,QAT,2023,2.58,,1.6,,2979082.0,129024.806992334,,
Sierra Leone,SLE,2023,3.74,,64.8,,8460512.0,3371.09351712436,,89.8
St. Vincent and the Grenadines,VCT,2023,6.03,,,,101323.0,19836.205036664,,
Turks and Caicos Islands,TCA,2023,,,,,46198.0,35365.8657232406,,
Zambia,ZMB,2023,3.81,,86.3,,20723965.0,4080.35544205923,,45.3
Bangladesh,BGD,2024,4.49,,40.4,,173562364.0,9660.77962818873,,
Curacao,CUW,2024,5.42,,,,185482.0,32740.7736763943,,
Czechia,CZE,2024,3.81,,6.1,,10735859.0,57625.0961715706,,
Djibouti,DJI,2024,4.75,,52.2,,1168722.0,7821.62138070711,,
Dominican Republic,DOM,2024,5.4,,16.8,,11427557.0,27581.6606581871,0.8,
Fiji,FJI,2024,4.75,,60.5,,928784.0,15472.737444718,,
Germany,DEU,2024,4.22,,5.3,,84552242.0,73957.0012170966,,
Ghana,GHA,2024,4.49,,65.8,,34427414.0,8051.19381149848,,
Greece,GRC,2024,4.55,,23.8,,10047817.0,44170.9556658376,,
Guatemala,GTM,2024,5.03,,48.6,,18406359.0,14393.0528302577,,
"Hong Kong SAR, China",HKG,2024,4.81,,,,7414909.0,75341.6985534061,,
Indonesia,IDN,2024,4.84,,70.6,,283487931.0,16472.4825935409,5.4,
"Korea, Rep.",KOR,2024,7.09,,5.5,,51717590.0,61051.3492502498,,
Lesotho,LSO,2024,5.24,,77.1,,2337423.0,3070.79580931865,,
Mexico,MEX,2024,4.42,,20.1,,130861007.0,25820.3527960242,1.6,
Moldova,MDA,2024,3.69,,12.5,,3034961.0,18661.6606470212,,
Nepal,NPL,2024,4.18,,20.0,,29651054.0,5745.64525192255,,
Nicaragua,NIC,2024,5.12,,26.6,,6916140.0,8720.86923379042,,
Pakistan,PAK,2024,3.95,,64.4,,251269164.0,6263.186935403,23.0,
Singapore,SGP,2024,3.52,,,,5832387.0,153161.175431382,,
Spain,ESP,2024,4.22,,9.6,,47910526.0,58063.7350840487,,
Syrian Arab Republic,SYR,2024,7.63,,73.5,,24672760.0,,,
Tunisia,TUN,2024,5.02,,8.7,,12277109.0,14542.0966234293,,
Bangladesh,BGD,2025,4.59,,38.6,,175686899.0,10153.7083791829,,
Curacao,CUW,2025,5.02,,,,185487.0,,,
Czechia,CZE,2025,3.99,,5.8,,10609239.0,60487.2877495391,,
Djibouti,DJI,2025,4.84,,49.8,,1184076.0,8451.96838146073,,
Dominican Republic,DOM,2025,5.6,,16.2,,11520487.0,28721.0964580217,,
Fiji,FJI,2025,4.75,,58.0,,933154.0,16337.5722970567,,
Germany,DEU,2025,4.35,,5.3,,84075075.0,75406.6888111618,,
Ghana,GHA,2025,4.65,,65.8,,35064272.0,8610.2796922986,,
Greece,GRC,2025,4.65,,22.7,,9938844.0,45263.6498511586,,
Guatemala,GTM,2025,5.18,,47.3,,18687881.0,15197.0831415082,,
"Hong Kong SAR, China",HKG,2025,4.65,,,,7396076.0,80422.8129947646,,
Indonesia,IDN,2025,5.09,,68.6,,285721236.0,17659.7921291587,4.0,
"Korea, Rep.",KOR,2025,7.37,,5.3,,51667029.0,63124.9152183625,,
Lesotho,LSO,2025,5.47,,77.4,,2363325.0,3184.11725194709,,
Mexico,MEX,2025,4.54,,20.0,,131946900.0,25868.4787520629,,
Moldova,MDA,2025,3.81,,11.4,,2996106.0,19995.7590923995,,
Nepal,NPL,2025,4.19,,17.9,,29618118.0,6175.15897150244,,
Nicaragua,NIC,2025,5.2,,25.3,,7007502.0,9283.92301511154,,
Pakistan,PAK,2025,3.94,,63.0,,255219554.0,6573.41613369925,,
Singapore,SGP,2025,3.62,,,,5870750.0,163353.990260152,,
Spain,ESP,2025,4.33,,9.3,,47889958.0,59867.6944716701,,
Syrian Arab Republic,SYR,2025,6.85,,61.1,,25620427.0,,,
Tunisia,TUN,2025,5.22,,8.6,,12348573.0,15233.4885842318,,
Bonaire,BON,2021,6.5,,,0.24,,,,
"Taiwan, China",TWN,2024,5.35,,4.3,,23213962.0,,,
Bonaire,BON,2023,,,,,,,,
Bonaire,BON,2025,,,,,,,,
"Taiwan, China",TWN,2017,4.43,,7.9,,23632948.0,,,
"Taiwan, China",TWN,2022,5.08,,5.2,,23420111.0,,,
Bonaire,BON,2018,,,,,,,,
"Taiwan, China",TWN,2019,4.69,,6.7,,23674138.0,,,
Bonaire,BON,2024,,,,,,,,
"Taiwan, China",TWN,2021,4.95,0.2,5.7,0.23,23558333.0,,,
Anguilla,AIA,2020,3.97,,,,14843.0,,,
Montserrat,MSR,2020,4.58,,,,4508.0,,,
Bonaire,BON,2019,,,,,,,,
"Taiwan, China",TWN,2018,4.56,,7.4,,23659305.0,,,
Bonaire,BON,2017,,,,,,,,
Bonaire,BON,2022,,,,,,,,
"Taiwan, China",TWN,2023,5.21,,5.2,,23317145.0,,,
"Taiwan, China",TWN,2025,5.48,,3.8,,23112793.0,,,
Anguilla,AIA,2019,3.91,,,,14823.0,,,
Montserrat,MSR,2019,4.11,,,,4540.0,,,
Anguilla,AIA,2017,3.44,,,,14425.0,,,
Anguilla,AIA,2022,4.66,,,,14180.0,,,
Montserrat,MSR,2017,3.75,,,,4603.0,,,
Montserrat,MSR,2022,5.18,,,,4453.0,,,
Anguilla,AIA,2024,5.47,,,,14598.0,,,
Montserrat,MSR,2024,5.46,,,,4389.0,,,
Bonaire,BON,2020,,,,,,,,
Anguilla,AIA,2023,5.15,,,,14410.0,,,
Anguilla,AIA,2025,,,,,14728.0,,,
Montserrat,MSR,2023,5.45,,,,4420.0,,,
Montserrat,MSR,2025,,,,,4359.0,,,
Anguilla,AIA,2018,3.82,,,,14721.0,,,
Montserrat,MSR,2018,3.88,,,,4569.0,,,
"Taiwan, China",TWN,2020,4.82,,5.2,,23663459.0,,,
Anguilla,AIA,2021,4.14,0.16,,0.24,14475.0,,,
Montserrat,MSR,2021,4.78,0.41,,0.25,4479.0,,,
