Country Name,Country Code,Series Name,Series Code,2017 [YR2017],2018 [YR2018],2019 [YR2019],2020 [YR2020],2021 [YR2021],2022 [YR2022],2023 [YR2023],2024 [YR2024],2025 [YR2025]
Afghanistan,AFG,"GDP per capita, PPP (current international $)",NY.GDP.PCAP.PP.CD,2335.79586234454,2432.27670083336,2583.48533239877,2561.98176058622,2144.16657002819,2122.65936199211,2203.53761869487,2236.19907311431,..
Afghanistan,AFG,"Population, total",SP.POP.TOTL,35688935,36743039,37856121,39068979,40000412,40578842,41454761,42647492,43844111
Afghanistan,AFG,Poverty headcount ratio at $3.00 a day (2021 PPP) (% of population),SI.POV.DDAY,..,..,..,..,..,..,..,..,..
Afghanistan,AFG,Prevalence of moderate or severe food insecurity in the population (%),SN.ITK.MSFI.ZS,54.3,57.6,63.1,70.1,79.1,80.9,80.8,..,..
Africa Eastern and Southern,AFE,"GDP per capita, PPP (current international $)",NY.GDP.PCAP.PP.CD,3843.02837944545,3727.71078455171,3804.53383380234,3707.03361237873,4022.27765875061,4359.59140659761,4496.7448983176,4635.1250488764,4840.26519950124
Africa Eastern and Southern,AFE,"Population, total",SP.POP.TOTL,640058741,657801085,675950189,694446100,713090928,731821393,750491370,769280888,788844284
Africa Eastern and Southern,AFE,Poverty headcount ratio at $3.00 a day (2021 PPP) (% of population),SI.POV.DDAY,..,..,..,..,..,..,..,..,..
Africa Eastern and Southern,AFE,Prevalence of moderate or severe food insecurity in the population (%),SN.ITK.MSFI.ZS,59.283478,58.2646766,59.3438952,61.2403823,61.9723111,63.1840693,62.937689,63.9751855,..
Africa Western and Central,AFW,"GDP per capita, PPP (current international $)",NY.GDP.PCAP.PP.CD,5035.76239103569,5188.36799985052,5491.68793497457,5423.59440539157,5702.13488630478,6232.32301367722,6538.81203828952,6840.33388231922,7184.66448266193
Africa Western and Central,AFW,"Population, total",SP.POP.TOTL,440150152,451395343,462522286,473687685,484978794,496366058,508318102,520655398,532809933
Africa Western and Central,AFW,Poverty headcount ratio at $3.00 a day (2021 PPP) (% of population),SI.POV.DDAY,..,..,..,..,..,..,..,..,..
Africa Western and Central,AFW,Prevalence of moderate or severe food insecurity in the population (%),SN.ITK.MSFI.ZS,47.6013373,49.8311863,50.9904848,55.7717529,61.4786939,61.1492962,62.0727261,63.7917938,..
Albania,ALB,"GDP per capita, PPP (current international $)",NY.GDP.PCAP.PP.CD,14110.6720568255,15055.3473824585,16442.0254754945,16287.6136733864,18212.794718288,22138.4966146921,24847.5057998051,26701.7649330157,28220.7950617158
Albania,ALB,"Population, total",SP.POP.TOTL,2648285,2607733,2567801,2528480,2489762,2451636,2411658,2377128,2349580
Albania,ALB,Poverty headcount ratio at $3.00 a day (2021 PPP) (% of population),SI.POV.DDAY,1.4,1,0.3,0.3,..,..,..,..,..
Albania,ALB,Prevalence of moderate or severe food insecurity in the population (%),SN.ITK.MSFI.ZS,38.6,37.1,33.8,30.9,30.2,32.2,33,..,..
Algeria,DZA,"GDP per capita, PPP (current international $)",NY.GDP.PCAP.PP.CD,13493.560749484,13727.1266357859,13892.5333446205,12676.5130564294,14496.8654697299,15833.5847271335,16838.3550419037,17646.332598878,18586.2607480579
Algeria,DZA,"Population, total",SP.POP.TOTL,41689299,42505035,43294546,44042091,44761099,45477389,46164219,46814308,47435312
Algeria,DZA,Poverty headcount ratio at $3.00 a day (2021 PPP) (% of population),SI.POV.DDAY,..,..,..,..,..,..,..,..,..
Algeria,DZA,Prevalence of moderate or severe food insecurity in the population (%),SN.ITK.MSFI.ZS,19.8,17.6,17.6,19,19.4,18.9,17.6,..,..
American Samoa,ASM,"GDP per capita, PPP (current international $)",NY.GDP.PCAP.PP.CD,..,..,..,..,..,..,..,..,..
American Samoa,ASM,"Population, total",SP.POP.TOTL,51586,50908,50209,49761,49225,48342,47521,46765,46029
American Samoa,ASM,Poverty headcount ratio at $3.00 a day (2021 PPP) (% of population),SI.POV.DDAY,..,..,..,..,..,..,..,..,..
American Samoa,ASM,Prevalence of moderate or severe food insecurity in the population (%),SN.ITK.MSFI.ZS,..,..,..,..,..,..,..,..,..
Andorra,AND,"GDP per capita, PPP (current international $)",NY.GDP.PCAP.PP.CD,53084.8639640903,55244.6554088177,57475.0692842215,52095.8414004627,59332.2029100127,68459.2247863103,71789.7907855414,75394.8581564469,79566.7925868466
Andorra,AND,"Population, total",SP.POP.TOTL,73763,75162,76474,77380,78364,79705,80856,81938,82904
Andorra,AND,Poverty headcount ratio at $3.00 a day (2021 PPP) (% of population),SI.POV.DDAY,..,..,..,..,..,..,..,..,..
Andorra,AND,Prevalence of moderate or severe food insecurity in the population (%),SN.ITK.MSFI.ZS,..,..,..,..,..,..,..,..,..
Angola,AGO,"GDP per capita, PPP (current international $)",NY.GDP.PCAP.PP.CD,8125.70639391928,8370.22875787099,8621.65930812477,7782.15153413853,8720.18768742123,9373.4083091956,9549.79313920752,9963.59020874287,10251.3457063657
Angola,AGO,"Population, total",SP.POP.TOTL,30234839,31297155,32375632,33451132,34532429,35635029,36749906,37885849,39040039
Angola,AGO,Poverty headcount ratio at $3.00 a day (2021 PPP) (% of population),SI.POV.DDAY,..,39.3,..,..,..,..,..,..,..
Angola,AGO,Prevalence of moderate or severe food insecurity in the population (%),SN.ITK.MSFI.ZS,..,..,73.5,77.7,78.5,..,..,..,..
Antigua and Barbuda,ATG,"GDP per capita, PPP (current international $)",NY.GDP.PCAP.PP.CD,21422.0021576627,24524.2137953887,26550.589844733,22370.0918693813,25745.4958067746,29761.8058055292,31892.5519402733,33351.5904481886,35832.4795485115
Antigua and Barbuda,ATG,"Population, total",SP.POP.TOTL,90468,90926,91364,91846,92349,92840,93316,93772,94209
Antigua and Barbuda,ATG,Poverty headcount ratio at $3.00 a day (2021 PPP) (% of population),SI.POV.DDAY,..,..,..,..,..,..,..,..,..
Antigua and Barbuda,ATG,Prevalence of moderate or severe food insecurity in the population (%),SN.ITK.MSFI.ZS,..,..,..,..,13.5,13.5,13.5,..,..
Arab World,ARB,"GDP per capita, PPP (current international $)",NY.GDP.PCAP.PP.CD,14494.5144598753,15578.8139057756,15767.3970459926,14338.4686513157,16056.1999979133,17982.9465916669,18535.5718250448,18963.7188719868,19783.1661012207
Arab World,ARB,"Population, total",SP.POP.TOTL,428315886,435998060,444281315,453723239,460646603,471352066,482105978,492612632,503356133
Arab World,ARB,Poverty headcount ratio at $3.00 a day (2021 PPP) (% of population),SI.POV.DDAY,..,..,..,..,..,..,..,..,..
Arab World,ARB,Prevalence of moderate or severe food insecurity in the population (%),SN.ITK.MSFI.ZS,..,..,..,..,..,..,..,..,..
Argentina,ARG,"GDP per capita, PPP (current international $)",NY.GDP.PCAP.PP.CD,23385.0740904917,24410.3919063335,23516.8261980886,22393.3479575353,26300.274261175,29804.0832363731,30246.4069577192,30475.3876517556,32586.6312086783
Argentina,ARG,"Population, total",SP.POP.TOTL,44288894,44654882,44973465,45191965,45312281,45407904,45538401,45696159,45851378
Argentina,ARG,Poverty headcount ratio at $3.00 a day (2021 PPP) (% of population),SI.POV.DDAY,1.1,1.6,1.7,2.2,1.4,1.3,1.2,1,..
Argentina,ARG,Prevalence of moderate or severe food insecurity in the population (%),SN.ITK.MSFI.ZS,32.3,35.8,35.8,36.9,36.9,36.1,33.8,..,..
Armenia,ARM,"GDP per capita, PPP (current international $)",NY.GDP.PCAP.PP.CD,12066.0043093819,12877.4937543553,14975.7539538157,14706.3173043422,15921.705281964,19158.3333506542,21551.7793903081,22856.32510991,24754.2118320452
Armenia,ARM,"Population, total",SP.POP.TOTL,2979400,2969000,2962500,2961500,2962300,2969200,2964300,3033500,3086700
Armenia,ARM,Poverty headcount ratio at $3.00 a day (2021 PPP) (% of population),SI.POV.DDAY,2.4,2.9,2.4,1.5,2.1,1.9,1.9,0.8,..
Armenia,ARM,Prevalence of moderate or severe food insecurity in the population (%),SN.ITK.MSFI.ZS,17.1,14.8,11.7,8.3,8,7.8,7.8,..,..
Aruba,ABW,"GDP per capita, PPP (current international $)",NY.GDP.PCAP.PP.CD,37524.9149203557,39287.0597126122,38554.7167828184,28733.6045108643,35207.1709088639,41863.2739964163,47521.8765471843,51712.1531358934,..
Aruba,ABW,"Population, total",SP.POP.TOTL,108735,108908,109203,108587,107700,107310,107359,107995,108785
Aruba,ABW,Poverty headcount ratio at $3.00 a day (2021 PPP) (% of population),SI.POV.DDAY,..,..,..,..,..,..,..,..,..
Aruba,ABW,Prevalence of moderate or severe food insecurity in the population (%),SN.ITK.MSFI.ZS,..,..,..,..,..,..,..,..,..
Australia,AUS,"GDP per capita, PPP (current international $)",NY.GDP.PCAP.PP.CD,48564.8286592372,50371.233830782,52885.8313816377,54184.1614486854,58327.4146842325,66103.1797066957,72272.7092136683,72117.8826659555,71934.4033931263
Australia,AUS,"Population, total",SP.POP.TOTL,24592588,24963258,25334826,25649248,25685412,26018721,26659922,27194286,27614411
Australia,AUS,Poverty headcount ratio at $3.00 a day (2021 PPP) (% of population),SI.POV.DDAY,..,0.6,..,0.9,..,..,..,..,..
Australia,AUS,Prevalence of moderate or severe food insecurity in the population (%),SN.ITK.MSFI.ZS,12.7,13.3,12.3,11.9,11.4,12.9,13.8,..,..
Austria,AUT,"GDP per capita, PPP (current international $)",NY.GDP.PCAP.PP.CD,53869.8321183556,56636.4953030542,60354.9279422121,58523.0337816246,62968.8538770186,72286.6352565355,74261.1961105071,75774.4136543206,76777.5421537618
Austria,AUT,"Population, total",SP.POP.TOTL,8797566,8840521,8879920,8916864,8955797,9041851,9131761,9177982,9208163
Austria,AUT,Poverty headcount ratio at $3.00 a day (2021 PPP) (% of population),SI.POV.DDAY,0.3,0.6,0.6,0.7,0.5,0.6,0.5,..,..
Austria,AUT,Prevalence of moderate or severe food insecurity in the population (%),SN.ITK.MSFI.ZS,4.4,3.6,3,3.3,4.3,4.9,4.7,..,..
Azerbaijan,AZE,"GDP per capita, PPP (current international $)",NY.GDP.PCAP.PP.CD,14315.9296431061,15282.9995232298,16675.3179361558,15163.5703327282,20111.3756952109,22548.5145929929,23671.0936895744,25146.3588844273,26112.5306828203
Azerbaijan,AZE,"Population, total",SP.POP.TOTL,9854033,9939771,10024283,10093121,10137750,10141756,10153958,10202830,10246996
Azerbaijan,AZE,Poverty headcount ratio at $3.00 a day (2021 PPP) (% of population),SI.POV.DDAY,..,..,..,..,..,..,..,..,..
Azerbaijan,AZE,Prevalence of moderate or severe food insecurity in the population (%),SN.ITK.MSFI.ZS,8.5,9.6,8.9,9.5,10.1,12.2,14,..,..
"Bahamas, The",BHS,"GDP per capita, PPP (current international $)",NY.GDP.PCAP.PP.CD,34282.1710357791,35227.7619063243,36116.0002025353,27204.625909518,31064.6822166194,36785.5703317271,39122.340470849,41257.7650774105,..
"Bahamas, The",BHS,"Population, total",SP.POP.TOTL,390485,392717,394675,395863,396373,397538,399440,401283,403033
"Bahamas, The",BHS,Poverty headcount ratio at $3.00 a day (2021 PPP) (% of population),SI.POV.DDAY,..,..,..,..,..,..,..,..,..
"Bahamas, The",BHS,Prevalence of moderate or severe food insecurity in the population (%),SN.ITK.MSFI.ZS,..,..,..,17.2,17.2,17.2,..,..,..
Bahrain,BHR,"GDP per capita, PPP (current international $)",NY.GDP.PCAP.PP.CD,50184.5005767301,51993.1307818652,56599.5214364411,53436.0316999712,54954.6757895532,61667.8791526737,64223.977053306,67230.1000247874,70996.7821254802
Bahrain,BHR,"Population, total",SP.POP.TOTL,1501116,1503091,1483756,1472204,1504365,1524693,1577059,1588670,1600366
Bahrain,BHR,Poverty headcount ratio at $3.00 a day (2021 PPP) (% of population),SI.POV.DDAY,..,..,..,..,..,..,..,..,..
Bahrain,BHR,Prevalence of moderate or severe food insecurity in the population (%),SN.ITK.MSFI.ZS,..,..,..,..,..,..,..,..,..
Bangladesh,BGD,"GDP per capita, PPP (current international $)",NY.GDP.PCAP.PP.CD,4882.60692615639,5490.15881865179,6047.12401504125,6640.58437331062,7441.06913961254,8449.20977931373,9155.31731992295,9660.77962818873,10153.7083791829
Bangladesh,BGD,"Population, total",SP.POP.TOTL,162186147,163523103,164913055,166298024,167658854,169384897,171466990,173562364,175686899
Bangladesh,BGD,Poverty headcount ratio at $3.00 a day (2021 PPP) (% of population),SI.POV.DDAY,..,..,..,..,..,5.9,..,..,..
Bangladesh,BGD,Prevalence of moderate or severe food insecurity in the population (%),SN.ITK.MSFI.ZS,..,..,..,..,..,..,..,..,..
Barbados,BRB,"GDP per capita, PPP (current international $)",NY.GDP.PCAP.PP.CD,18969.5916506588,19774.263591082,19986.8728665755,16543.717996277,17686.7469386289,21952.2087434223,23176.0027148492,24539.6254147583,25893.8676913012
Barbados,BRB,"Population, total",SP.POP.TOTL,280171,280711,281207,281698,282147,282318,282336,282467,282623
Barbados,BRB,Poverty headcount ratio at $3.00 a day (2021 PPP) (% of population),SI.POV.DDAY,..,..,..,..,..,..,..,..,..
Barbados,BRB,Prevalence of moderate or severe food insecurity in the population (%),SN.ITK.MSFI.ZS,..,..,..,31.1,31.1,31.1,..,..,..
Belarus,BLR,"GDP per capita, PPP (current international $)",NY.GDP.PCAP.PP.CD,18413.747563367,20025.9815543598,22301.5932411839,24872.3066744528,27611.1801135157,28424.9893656867,30859.5916206484,33166.3827902975,34715.9778689211
Belarus,BLR,"Population, total",SP.POP.TOTL,9458989,9438785,9419758,9379952,9302585,9228071,9178298,9132629,9085991
Belarus,BLR,Poverty headcount ratio at $3.00 a day (2021 PPP) (% of population),SI.POV.DDAY,0,0,0,0,..,..,..,..,..
Belarus,BLR,Prevalence of moderate or severe food insecurity in the population (%),SN.ITK.MSFI.ZS,..,..,1.4,1.4,1.3,1.2,1.1,..,..
Belgium,BEL,"GDP per capita, PPP (current international $)",NY.GDP.PCAP.PP.CD,50256.0631772784,52466.7330784599,56712.469571978,56120.0958420466,60669.2137746534,68878.9167847285,72629.6179311762,74224.5510568017,74675.607672673
Belgium,BEL,"Population, total",SP.POP.TOTL,11375158,11427054,11488980,11538604,11586195,11680210,11779946,11858610,11941781
Belgium,BEL,Poverty headcount ratio at $3.00 a day (2021 PPP) (% of population),SI.POV.DDAY,0.2,0.1,0.1,0.1,0,0,0.1,..,..
Belgium,BEL,Prevalence of moderate or severe food insecurity in the population (%),SN.ITK.MSFI.ZS,..,..,3.7,4.8,5.8,7.3,8.1,..,..
Belize,BLZ,"GDP per capita, PPP (current international $)",NY.GDP.PCAP.PP.CD,9120.65338346029,9497.23480443418,10499.962073199,9638.89513695889,11716.3267818656,13459.0765078205,13741.2085585188,14367.3539278152,14965.7521203147
Belize,BLZ,"Population, total",SP.POP.TOTL,373202,380226,385829,390812,395346,402733,411106,417072,422924
Belize,BLZ,Poverty headcount ratio at $3.00 a day (2021 PPP) (% of population),SI.POV.DDAY,..,1,..,..,..,..,..,..,..
Belize,BLZ,Prevalence of moderate or severe food insecurity in the population (%),SN.ITK.MSFI.ZS,..,..,39,42.3,45.5,..,..,..,..
Benin,BEN,"GDP per capita, PPP (current international $)",NY.GDP.PCAP.PP.CD,2885.89383987721,2965.30628143664,3148.97969597838,3244.58772756805,3464.2886286745,3843.54493453525,4133.3701351778,4441.00443511982,4816.87504692826
Benin,BEN,"Population, total",SP.POP.TOTL,12039780,12383347,12726755,13070169,13413417,13759501,14111034,14462724,14814460
Benin,BEN,Poverty headcount ratio at $3.00 a day (2021 PPP) (% of population),SI.POV.DDAY,..,37.2,..,..,27.2,..,..,..,..
Benin,BEN,Prevalence of moderate or severe food insecurity in the population (%),SN.ITK.MSFI.ZS,66.3,65.8,64,61.9,62.7,63.3,65.6,..,..
Bermuda,BMU,"GDP per capita, PPP (current international $)",NY.GDP.PCAP.PP.CD,85680.9701917217,85978.2177227009,90984.4576708318,85146.4006275696,92319.6714861222,104909.257552793,113596.12110365,118727.973294368,..
Bermuda,BMU,"Population, total",SP.POP.TOTL,63578,63831,64107,64382,64648,64749,64698,64636,64555
Bermuda,BMU,Poverty headcount ratio at $3.00 a day (2021 PPP) (% of population),SI.POV.DDAY,..,..,..,..,..,..,..,..,..
Bermuda,BMU,Prevalence of moderate or severe food insecurity in the population (%),SN.ITK.MSFI.ZS,..,..,..,..,..,..,..,..,..
Bhutan,BTN,"GDP per capita, PPP (current international $)",NY.GDP.PCAP.PP.CD,11677.4142659974,11969.5615003305,12909.1009840399,12475.048003428,13458.812666743,15061.4232582306,16228.5169143762,17762.4053956096,19594.0028382994
Bhutan,BTN,"Population, total",SP.POP.TOTL,754335,759759,764824,770006,775442,780914,786385,791524,796682
Bhutan,BTN,Poverty headcount ratio at $3.00 a day (2021 PPP) (% of population),SI.POV.DDAY,2.6,..,..,..,..,0,..,..,..
Bhutan,BTN,Prevalence of moderate or severe food insecurity in the population (%),SN.ITK.MSFI.ZS,..,..,..,..,..,..,..,..,..
Bolivia,BOL,"GDP per capita, PPP (current international $)",NY.GDP.PCAP.PP.CD,10420.3923250933,10758.4075594003,11005.3541169156,9580.98962081658,11202.4409836707,12304.7789380156,12902.7509503368,12896.3370149215,12873.0394876629
Bolivia,BOL,"Population, total",SP.POP.TOTL,11344587,11508368,11671386,11816299,11937360,12077154,12244159,12413315,12581843
Bolivia,BOL,Poverty headcount ratio at $3.00 a day (2021 PPP) (% of population),SI.POV.DDAY,6.4,4.7,3.1,4.2,3.1,3.3,2.8,2.1,..
Bolivia,BOL,Prevalence of moderate or severe food insecurity in the population (%),SN.ITK.MSFI.ZS,..,..,..,..,..,..,..,..,..
Bosnia and Herzegovina,BIH,"GDP per capita, PPP (current international $)",NY.GDP.PCAP.PP.CD,13627.0836811249,14858.6247595644,16428.7132755213,16369.9392465531,18286.6614977175,21651.3043527017,23376.3069324282,25148.0128390147,25814.2641520511
Bosnia and Herzegovina,BIH,"Population, total",SP.POP.TOTL,3428682,3387000,3345533,3299349,3244907,3204802,3185073,3164253,3140095
Bosnia and Herzegovina,BIH,Poverty headcount ratio at $3.00 a day (2021 PPP) (% of population),SI.POV.DDAY,..,..,..,..,0.3,..,..,..,..
Bosnia and Herzegovina,BIH,Prevalence of moderate or severe food insecurity in the population (%),SN.ITK.MSFI.ZS,8.7,9.2,10,12.6,13.4,13.3,9.9,..,..
Botswana,BWA,"GDP per capita, PPP (current international $)",NY.GDP.PCAP.PP.CD,15700.6650479641,15785.819633781,15960.0156143903,15292.2624673252,17960.6254447437,19973.6684436048,21029.4218686605,20612.4785435561,20697.9104661898
Botswana,BWA,"Population, total",SP.POP.TOTL,2266747,2299141,2332083,2365894,2401441,2439892,2480244,2521139,2562122
Botswana,BWA,Poverty headcount ratio at $3.00 a day (2021 PPP) (% of population),SI.POV.DDAY,..,..,..,..,..,..,..,..,..
Botswana,BWA,Prevalence of moderate or severe food insecurity in the population (%),SN.ITK.MSFI.ZS,53.4,53.1,54,55.6,56.3,55.4,53.9,..,..
Brazil,BRA,"GDP per capita, PPP (current international $)",NY.GDP.PCAP.PP.CD,14559.0488897004,15463.7426393889,16069.8380152627,16101.6183063466,18075.7060049068,19873.7032623309,21193.0721417478,22370.9182253225,23433.2897595431
Brazil,BRA,"Population, total",SP.POP.TOTL,204703445,206107261,207455459,208660842,209550294,210306415,211140729,211998573,212812405
Brazil,BRA,Poverty headcount ratio at $3.00 a day (2021 PPP) (% of population),SI.POV.DDAY,7,6.9,7,2.8,7.5,4.9,3.8,3,..
Brazil,BRA,Prevalence of moderate or severe food insecurity in the population (%),SN.ITK.MSFI.ZS,15.5,14.2,15.8,19.4,22.1,18.4,13.5,..,..
British Virgin Islands,VGB,"GDP per capita, PPP (current international $)",NY.GDP.PCAP.PP.CD,..,..,..,..,..,..,..,..,..
British Virgin Islands,VGB,"Population, total",SP.POP.TOTL,32699,34657,36395,37135,37809,38319,38985,39471,39732
British Virgin Islands,VGB,Poverty headcount ratio at $3.00 a day (2021 PPP) (% of population),SI.POV.DDAY,..,..,..,..,..,..,..,..,..
British Virgin Islands,VGB,Prevalence of moderate or severe food insecurity in the population (%),SN.ITK.MSFI.ZS,..,..,..,..,..,..,..,..,..
Brunei Darussalam,BRN,"GDP per capita, PPP (current international $)",NY.GDP.PCAP.PP.CD,61657.6802725444,65148.8264035521,69353.6799514849,69787.9632795717,78248.797127611,81788.7819525501,85102.6867427911,90009.8912498003,92429.9262686398
Brunei Darussalam,BRN,"Population, total",SP.POP.TOTL,432772,437810,442680,447404,451721,455370,458949,462721,466330
Brunei Darussalam,BRN,Poverty headcount ratio at $3.00 a day (2021 PPP) (% of population),SI.POV.DDAY,..,..,..,..,..,..,..,..,..
Brunei Darussalam,BRN,Prevalence of moderate or severe food insecurity in the population (%),SN.ITK.MSFI.ZS,..,..,..,..,..,..,..,..,..
Bulgaria,BGR,"GDP per capita, PPP (current international $)",NY.GDP.PCAP.PP.CD,22317.2366242463,23997.7941525242,26765.556194772,27351.8659900682,30958.9830238332,36320.2814407535,38829.297423161,41969.595471884,44451.1001576913
Bulgaria,BGR,"Population, total",SP.POP.TOTL,6803468,6710798,6616726,6550696,6507301,6465097,6446596,6441421,6433302
Bulgaria,BGR,Poverty headcount ratio at $3.00 a day (2021 PPP) (% of population),SI.POV.DDAY,2,1.5,1.6,0.7,1.2,1.1,1,..,..
Bulgaria,BGR,Prevalence of moderate or severe food insecurity in the population (%),SN.ITK.MSFI.ZS,12,12.5,13.2,15.5,15.8,14.8,11.6,..,..
Burkina Faso,BFA,"GDP per capita, PPP (current international $)",NY.GDP.PCAP.PP.CD,2042.40295259917,2073.3235382155,2232.16282016585,2380.72282781802,2486.43093147762,2644.82146127902,2761.57633646549,2901.04214238045,3071.62546744866
Burkina Faso,BFA,"Population, total",SP.POP.TOTL,19894407,20438288,20961952,21478690,21995243,22509038,23025776,23548781,24074580
Burkina Faso,BFA,Poverty headcount ratio at $3.00 a day (2021 PPP) (% of population),SI.POV.DDAY,..,47.7,..,..,42.1,..,..,..,..
Burkina Faso,BFA,Prevalence of moderate or severe food insecurity in the population (%),SN.ITK.MSFI.ZS,38.9,39.1,39.5,40.1,40.5,40.7,41.4,..,..
Burundi,BDI,"GDP per capita, PPP (current international $)",NY.GDP.PCAP.PP.CD,791.393494929898,823.013102241659,868.423731660834,946.413218223156,1032.38274081999,1101.23579609841,1147.42440486734,1193.03528498996,1248.05425025467
Burundi,BDI,"Population, total",SP.POP.TOTL,11506762,11859446,12255336,12617036,12965481,13321097,13689450,14047786,14390003
Burundi,BDI,Poverty headcount ratio at $3.00 a day (2021 PPP) (% of population),SI.POV.DDAY,..,..,..,74.2,..,..,..,..,..
Burundi,BDI,Prevalence of moderate or severe food insecurity in the population (%),SN.ITK.MSFI.ZS,..,..,..,..,..,70.8,70.8,..,..
Cabo Verde,CPV,"GDP per capita, PPP (current international $)",NY.GDP.PCAP.PP.CD,7935.76176281072,7916.42115326174,8645.75646859343,6852.57669930355,7685.41921393669,9479.57079016694,10250.5950245626,11184.7207350908,12165.2989335356
Cabo Verde,CPV,"Population, total",SP.POP.TOTL,512893,513415,514104,514679,516649,519741,522331,524877,527326
Cabo Verde,CPV,Poverty headcount ratio at $3.00 a day (2021 PPP) (% of population),SI.POV.DDAY,..,..,..,..,..,..,..,..,..
Cabo Verde,CPV,Prevalence of moderate or severe food insecurity in the population (%),SN.ITK.MSFI.ZS,37.7,36.4,35.1,35.4,34.8,34.3,32.1,..,..
Cambodia,KHM,"GDP per capita, PPP (current international $)",NY.GDP.PCAP.PP.CD,5050.06356615113,5616.98087023303,6153.99439528427,5942.45380373929,6225.53265474741,6917.7197730003,7436.85544015287,7981.50816402382,8542.6965378612
Cambodia,KHM,"Population, total",SP.POP.TOTL,16073372,16274522,16481304,16725474,16974305,17201724,17423880,17638801,17847982
Cambodia,KHM,Poverty headcount ratio at $3.00 a day (2021 PPP) (% of population),SI.POV.DDAY,..,..,..,..,..,..,..,..,..
Cambodia,KHM,Prevalence of moderate or severe food insecurity in the population (%),SN.ITK.MSFI.ZS,36.9,36.4,38.6,41.9,43.4,43.2,40,..,..
Cameroon,CMR,"GDP per capita, PPP (current international $)",NY.GDP.PCAP.PP.CD,3767.43072883824,4010.76360069526,4241.11174920592,4365.44704128392,4793.55628200196,5188.15515765322,5415.22890256369,5597.10321648993,5787.85440270861
Cameroon,CMR,"Population, total",SP.POP.TOTL,24128601,24806383,25506095,26210558,26915758,27632771,28372687,29123744,29879337
Cameroon,CMR,Poverty headcount ratio at $3.00 a day (2021 PPP) (% of population),SI.POV.DDAY,..,..,..,..,26.7,..,..,..,..
Cameroon,CMR,Prevalence of moderate or severe food insecurity in the population (%),SN.ITK.MSFI.ZS,58,57,56.4,56.5,59.2,60.3,61.2,..,..
Canada,CAN,"GDP per capita, PPP (current international $)",NY.GDP.PCAP.PP.CD,48317.500303004,49982.6446255492,50499.0822425462,48590.748859725,56995.0952020711,64217.0443455227,64962.1919440095,65482.9454728344,66745.8248561648
Canada,CAN,"Population, total",SP.POP.TOTL,36545075,37072620,37618495,38028638,38239864,38950132,40049088,41262329,41651653
Canada,CAN,Poverty headcount ratio at $3.00 a day (2021 PPP) (% of population),SI.POV.DDAY,0.4,0.4,0.4,0.1,0.2,0.3,..,..,..
Canada,CAN,Prevalence of moderate or severe food insecurity in the population (%),SN.ITK.MSFI.ZS,5,5.1,5.8,6.5,7.7,8.5,10.2,..,..
Caribbean small states,CSS,"GDP per capita, PPP (current international $)",NY.GDP.PCAP.PP.CD,20796.7249890991,21259.1014637807,22156.1172344598,20169.8826381617,23495.1590735021,28945.6087800083,32879.5234896983,38670.9082440011,42963.806092907
Caribbean small states,CSS,"Population, total",SP.POP.TOTL,4366140,4407658,4443134,4459302,4479167,4497310,4519904,4539060,4556558
Caribbean small states,CSS,Poverty headcount ratio at $3.00 a day (2021 PPP) (% of population),SI.POV.DDAY,..,..,..,..,..,..,..,..,..
Caribbean small states,CSS,Prevalence of moderate or severe food insecurity in the population (%),SN.ITK.MSFI.ZS,..,..,..,..,..,..,..,..,..
Cayman Islands,CYM,"GDP per capita, PPP (current international $)",NY.GDP.PCAP.PP.CD,68017.6758327335,71811.8917405219,72697.3672861884,66118.6540859028,74160.4914000191,82193.1801927387,88395.1826392376,92201.086358256,..
Cayman Islands,CYM,"Population, total",SP.POP.TOTL,64535,65941,67327,68684,70108,71591,73038,74457,75844
Cayman Islands,CYM,Poverty headcount ratio at $3.00 a day (2021 PPP) (% of population),SI.POV.DDAY,..,..,..,..,..,..,..,..,..
Cayman Islands,CYM,Prevalence of moderate or severe food insecurity in the population (%),SN.ITK.MSFI.ZS,..,..,..,..,..,..,..,..,..
Central African Republic,CAF,"GDP per capita, PPP (current international $)",NY.GDP.PCAP.PP.CD,883.810734876066,905.817788941094,984.843183678857,1066.29005423151,1128.55237996459,1217.6567661451,1258.13048389217,1264.93671692975,1313.8765680523
Central African Republic,CAF,"Population, total",SP.POP.TOTL,4793511,4878657,4944703,5026628,5112100,5098039,5152421,5330690,5513282
Central African Republic,CAF,Poverty headcount ratio at $3.00 a day (2021 PPP) (% of population),SI.POV.DDAY,..,..,..,..,71.6,..,..,..,..
Central African Republic,CAF,Prevalence of moderate or severe food insecurity in the population (%),SN.ITK.MSFI.ZS,..,..,..,88.1,88.1,88.1,..,..,..
Central Europe and the Baltics,CEB,"GDP per capita, PPP (current international $)",NY.GDP.PCAP.PP.CD,29977.3227104648,32302.4166123144,35861.647806839,36454.227425867,40122.3609600588,45264.7376182599,48014.3414866347,50542.6280755689,52849.0502475199
Central Europe and the Baltics,CEB,"Population, total",SP.POP.TOTL,102337501,102074201,101864274,101215763,100205732,100071871,100183707,100061963,99814596
Central Europe and the Baltics,CEB,Poverty headcount ratio at $3.00 a day (2021 PPP) (% of population),SI.POV.DDAY,..,..,..,..,..,..,..,..,..
Central Europe and the Baltics,CEB,Prevalence of moderate or severe food insecurity in the population (%),SN.ITK.MSFI.ZS,..,..,..,..,..,..,..,..,..
Chad,TCD,"GDP per capita, PPP (current international $)",NY.GDP.PCAP.PP.CD,2097.14425483604,2227.81335372611,2351.65339767739,2185.99034173537,2435.07274651099,2623.702025997,2703.06889886705,2766.98134913811,2902.7406157583
Chad,TCD,"Population, total",SP.POP.TOTL,15622759,16156531,16685223,17224679,17828273,18455316,19319064,20299123,21003705
Chad,TCD,Poverty headcount ratio at $3.00 a day (2021 PPP) (% of population),SI.POV.DDAY,..,41.9,..,..,..,39.5,..,..,..
Chad,TCD,Prevalence of moderate or severe food insecurity in the population (%),SN.ITK.MSFI.ZS,74.7,76.3,75.9,72.2,69.4,67,66.3,..,..
Channel Islands,CHI,"GDP per capita, PPP (current international $)",NY.GDP.PCAP.PP.CD,..,..,..,..,..,..,..,..,..
Channel Islands,CHI,"Population, total",SP.POP.TOTL,164319,164949,165639,166235,166741,167215,167691,168126,168466
Channel Islands,CHI,Poverty headcount ratio at $3.00 a day (2021 PPP) (% of population),SI.POV.DDAY,..,..,..,..,..,..,..,..,..
Channel Islands,CHI,Prevalence of moderate or severe food insecurity in the population (%),SN.ITK.MSFI.ZS,..,..,..,..,..,..,..,..,..
Chile,CHL,"GDP per capita, PPP (current international $)",NY.GDP.PCAP.PP.CD,24295.223766602,25305.0903462611,25613.9095717623,25357.0056990873,29106.6356522053,30918.9258262719,33173.5278418356,36070.892945837,37774.0879069903
Chile,CHL,"Population, total",SP.POP.TOTL,18558868,18893191,19197744,19370624,19456334,19553036,19658835,19764771,19859921
Chile,CHL,Poverty headcount ratio at $3.00 a day (2021 PPP) (% of population),SI.POV.DDAY,0.5,..,..,1.7,..,0.6,..,0.4,..
Chile,CHL,Prevalence of moderate or severe food insecurity in the population (%),SN.ITK.MSFI.ZS,13.7,15.3,17.3,17.4,18.2,17.6,19.2,..,..
China,CHN,"GDP per capita, PPP (current international $)",NY.GDP.PCAP.PP.CD,15022.4371883124,16298.2050619109,17600.8907568493,18267.4783455827,20843.2978347377,23028.4517927066,25200.068112272,27139.5181633767,29333.3311051433
China,CHN,"Population, total",SP.POP.TOTL,1396215000,1402760000,1407745000,1411100000,1412360000,1412175000,1410710000,1408975000,1406585000
China,CHN,Poverty headcount ratio at $3.00 a day (2021 PPP) (% of population),SI.POV.DDAY,1.6,0.7,0,0,0,0,..,..,..
China,CHN,Prevalence of moderate or severe food insecurity in the population (%),SN.ITK.MSFI.ZS,..,..,..,..,..,..,..,..,..
Colombia,COL,"GDP per capita, PPP (current international $)",NY.GDP.PCAP.PP.CD,14400.6139849314,15239.4049488277,16181.5908990662,15519.2101694656,17383.0901728295,20854.002999162,21281.7475207548,22439.4001359818,22640.4224606513
Colombia,COL,"Population, total",SP.POP.TOTL,48131078,49024465,49907985,50629997,51188173,51737944,52321152,52886363,53425635
Colombia,COL,Poverty headcount ratio at $3.00 a day (2021 PPP) (% of population),SI.POV.DDAY,9.5,9.8,11.3,15.8,11.2,9.3,8.6,8.5,..
Colombia,COL,Prevalence of moderate or severe food insecurity in the population (%),SN.ITK.MSFI.ZS,24.9,26.5,28.5,30.5,31.6,30.6,27.8,..,..
Comoros,COM,"GDP per capita, PPP (current international $)",NY.GDP.PCAP.PP.CD,3347.45652997484,3304.54845189026,3312.74957050545,3261.59496762747,3449.0435745318,3712.34821507981,3896.71858176845,4047.95264193561,4238.26133409182
Comoros,COM,"Population, total",SP.POP.TOTL,756669,771590,786578,802163,818174,834188,850387,866628,882847
Comoros,COM,Poverty headcount ratio at $3.00 a day (2021 PPP) (% of population),SI.POV.DDAY,..,..,..,8.9,..,..,..,5.1,..
Comoros,COM,Prevalence of moderate or severe food insecurity in the population (%),SN.ITK.MSFI.ZS,..,..,..,79.7,79.7,79.7,79.7,..,..
"Congo, Dem. Rep.",COD,"GDP per capita, PPP (current international $)",NY.GDP.PCAP.PP.CD,990.545051394781,1048.86502855672,1056.17206659241,1088.7890035637,1402.38560295221,1589.91203243059,1732.04870835091,1823.27705135453,1919.82250200565
"Congo, Dem. Rep.",COD,"Population, total",SP.POP.TOTL,87083398,90047644,92947442,95989998,99148932,102396968,105789731,109276265,112832473
"Congo, Dem. Rep.",COD,Poverty headcount ratio at $3.00 a day (2021 PPP) (% of population),SI.POV.DDAY,..,..,..,85.3,..,..,..,..,..
"Congo, Dem. Rep.",COD,Prevalence of moderate or severe food insecurity in the population (%),SN.ITK.MSFI.ZS,..,..,69.2,72.3,75.9,80.2,81.5,..,..
"Congo, Rep.",COG,"GDP per capita, PPP (current international $)",NY.GDP.PCAP.PP.CD,4444.63900215824,5593.19370578686,5719.59977338291,4770.96449758365,6263.21161292636,6646.44331964568,6855.92386613313,7003.66225819816,7248.44439070757
"Congo, Rep.",COG,"Population, total",SP.POP.TOTL,5351011,5483118,5616661,5752791,5892183,6035104,6182885,6332961,6484437
"Congo, Rep.",COG,Poverty headcount ratio at $3.00 a day (2021 PPP) (% of population),SI.POV.DDAY,..,..,..,..,..,..,..,..,..
"Congo, Rep.",COG,Prevalence of moderate or severe food insecurity in the population (%),SN.ITK.MSFI.ZS,..,..,..,..,..,..,..,..,..
Costa Rica,CRI,"GDP per capita, PPP (current international $)",NY.GDP.PCAP.PP.CD,20499.3442145104,21548.8700973441,23461.2875330597,22245.4328793441,24083.5988182437,26891.9730070246,29247.8937202355,31552.1489834288,33814.7696296148
Costa Rica,CRI,"Population, total",SP.POP.TOTL,4913177,4957818,4999553,5034320,5059988,5081765,5105525,5129910,5152950
Costa Rica,CRI,Poverty headcount ratio at $3.00 a day (2021 PPP) (% of population),SI.POV.DDAY,1.7,2.3,1.7,3.4,2.2,1.6,1.5,1.3,0.8
Costa Rica,CRI,Prevalence of moderate or severe food insecurity in the population (%),SN.ITK.MSFI.ZS,13.7,14.5,15.3,15.9,16.2,16.2,15.4,..,..
Cote d'Ivoire,CIV,"GDP per capita, PPP (current international $)",NY.GDP.PCAP.PP.CD,4690.17801861096,4945.62520575915,5516.39055126829,5543.85096318939,6045.20480490881,6718.37891572875,7243.14676270142,7680.36980823038,8208.90898574972
Cote d'Ivoire,CIV,"Population, total",SP.POP.TOTL,26733372,27464173,28193009,28915449,29639736,30395002,31165654,31934230,32711547
Cote d'Ivoire,CIV,Poverty headcount ratio at $3.00 a day (2021 PPP) (% of population),SI.POV.DDAY,..,21.7,..,..,20.8,..,..,..,..
Cote d'Ivoire,CIV,Prevalence of moderate or severe food insecurity in the population (%),SN.ITK.MSFI.ZS,37,38.2,39.5,40.4,41,39.4,38.4,..,..
Croatia,HRV,"GDP per capita, PPP (current international $)",NY.GDP.PCAP.PP.CD,27887.4600052514,29789.4340021154,33063.9987060793,31594.0082486835,36930.076102199,42125.1926231817,47759.6272293173,49550.8073348367,50946.1671131832
Croatia,HRV,"Population, total",SP.POP.TOTL,4041407,3988775,3949390,3914206,3878981,3855641,3859686,3866200,3876200
Croatia,HRV,Poverty headcount ratio at $3.00 a day (2021 PPP) (% of population),SI.POV.DDAY,0.6,0.5,0.4,0.4,0.3,0.4,0.3,..,..
Croatia,HRV,Prevalence of moderate or severe food insecurity in the population (%),SN.ITK.MSFI.ZS,7.8,10,11,11.4,9.7,7.9,6,..,..
Cuba,CUB,"GDP per capita, PPP (current international $)",NY.GDP.PCAP.PP.CD,..,..,..,..,..,..,..,..,..
Cuba,CUB,"Population, total",SP.POP.TOTL,11247829,11227118,11202846,11176354,11122168,11059820,11019931,10979783,10937203
Cuba,CUB,Poverty headcount ratio at $3.00 a day (2021 PPP) (% of population),SI.POV.DDAY,..,..,..,..,..,..,..,..,..
Cuba,CUB,Prevalence of moderate or severe food insecurity in the population (%),SN.ITK.MSFI.ZS,..,..,..,..,..,..,..,..,..
Curacao,CUW,"GDP per capita, PPP (current international $)",NY.GDP.PCAP.PP.CD,24321.7467432044,24623.0413085512,25396.9967729561,21722.0174102902,24905.7684266978,28636.1483744106,30676.8522403072,32740.7736763943,..
Curacao,CUW,"Population, total",SP.POP.TOTL,160175,159336,157441,155482,153948,153321,154654,155967,156263
Curacao,CUW,Poverty headcount ratio at $3.00 a day (2021 PPP) (% of population),SI.POV.DDAY,..,..,..,..,..,..,..,..,..
Curacao,CUW,Prevalence of moderate or severe food insecurity in the population (%),SN.ITK.MSFI.ZS,..,..,..,..,..,..,..,..,..
Cyprus,CYP,"GDP per capita, PPP (current international $)",NY.GDP.PCAP.PP.CD,37768.08984375,40262.48828125,44393.72265625,42569.06640625,47632.5703125,55876.3828125,59874.734375,63006.765625,64574.62109375
Cyprus,CYP,"Population, total",SP.POP.TOTL,1254275,1270737,1286671,1302247,1317309,1331370,1344976,1358282,1370754
Cyprus,CYP,Poverty headcount ratio at $3.00 a day (2021 PPP) (% of population),SI.POV.DDAY,0.1,0.1,0.2,0,0,0,0,..,..
Cyprus,CYP,Prevalence of moderate or severe food insecurity in the population (%),SN.ITK.MSFI.ZS,..,..,..,..,..,..,1.4,..,..
Czechia,CZE,"GDP per capita, PPP (current international $)",NY.GDP.PCAP.PP.CD,39346.030564257,41638.1831076596,45614.0171132532,44839.4822099455,47796.0337408466,52946.9660854462,56062.3957561294,57625.0961715706,60487.2877495391
Czechia,CZE,"Population, total",SP.POP.TOTL,10594438,10629928,10671870,10697858,10505772,10672118,10864042,10905028,10886878
Czechia,CZE,Poverty headcount ratio at $3.00 a day (2021 PPP) (% of population),SI.POV.DDAY,0,0,0,0,0.1,0,0,..,..
Czechia,CZE,Prevalence of moderate or severe food insecurity in the population (%),SN.ITK.MSFI.ZS,3.9,3.8,4.2,5.8,8.5,10,10,..,..
Denmark,DNK,"GDP per capita, PPP (current international $)",NY.GDP.PCAP.PP.CD,55271.5976002659,57233.6231685618,60594.966400191,62682.2899474389,69327.998216527,78554.1217617983,77425.3867230346,80937.8001363997,83218.071525634
Denmark,DNK,"Population, total",SP.POP.TOTL,5764980,5793636,5814422,5831404,5856733,5903037,5946952,5976992,6009169
Denmark,DNK,Poverty headcount ratio at $3.00 a day (2021 PPP) (% of population),SI.POV.DDAY,0.1,0.2,0.3,0.2,0.2,0.2,0.4,..,..
Denmark,DNK,Prevalence of moderate or severe food insecurity in the population (%),SN.ITK.MSFI.ZS,5.4,5.2,5,5.5,6.8,7.1,6.9,..,..
Djibouti,DJI,"GDP per capita, PPP (current international $)",NY.GDP.PCAP.PP.CD,4676.71336058903,5083.11077030183,5398.00036773984,5527.00185229888,5960.10807396825,6620.28103140186,7231.79450192575,7821.62138070711,8451.96838146073
Djibouti,DJI,"Population, total",SP.POP.TOTL,1054841,1071882,1088709,1105188,1121248,1137096,1152944,1168722,1184076
Djibouti,DJI,Poverty headcount ratio at $3.00 a day (2021 PPP) (% of population),SI.POV.DDAY,25.4,..,..,..,..,..,..,..,..
Djibouti,DJI,Prevalence of moderate or severe food insecurity in the population (%),SN.ITK.MSFI.ZS,..,..,..,49.2,49.2,49.2,49.2,..,..
Dominica,DMA,"GDP per capita, PPP (current international $)",NY.GDP.PCAP.PP.CD,12696.1956612622,15069.8972415303,16020.5944720217,14243.7623123898,15808.9743503945,18799.1022306558,20302.7023497562,21331.6193698018,22713.1288027433
Dominica,DMA,"Population, total",SP.POP.TOTL,68496,68174,67880,67573,67202,66826,66510,66205,65871
Dominica,DMA,Poverty headcount ratio at $3.00 a day (2021 PPP) (% of population),SI.POV.DDAY,..,..,..,..,..,..,..,..,..
Dominica,DMA,Prevalence of moderate or severe food insecurity in the population (%),SN.ITK.MSFI.ZS,..,..,..,34.4,34.4,34.4,..,..,..
Dominican Republic,DOM,"GDP per capita, PPP (current international $)",NY.GDP.PCAP.PP.CD,16846.2072320323,17994.8382742736,19766.7628586981,18998.3069667315,22053.4589869955,24621.9061494267,25861.2335511855,27581.6606581871,28721.0964580217
Dominican Republic,DOM,"Population, total",SP.POP.TOTL,10666843,10782053,10894043,11008300,11123476,11230734,11331265,11427557,11520487
Dominican Republic,DOM,Poverty headcount ratio at $3.00 a day (2021 PPP) (% of population),SI.POV.DDAY,1.5,1.1,1,1.3,1.3,1,1.3,0.8,..
Dominican Republic,DOM,Prevalence of moderate or severe food insecurity in the population (%),SN.ITK.MSFI.ZS,54.4,52.6,55,53.1,52.1,46.1,43.8,..,..
Early-demographic dividend,EAR,"GDP per capita, PPP (current international $)",NY.GDP.PCAP.PP.CD,9044.20137999894,9528.54183592407,9858.57637742462,9606.79804230566,10723.3712238292,12179.6777105287,13077.74159237,13811.1555049488,14620.932240004
Early-demographic dividend,EAR,"Population, total",SP.POP.TOTL,3274060446,3314245247,3355014793,3396051187,3432026092,3470644834,3511607650,3552306404,3592750579
Early-demographic dividend,EAR,Poverty headcount ratio at $3.00 a day (2021 PPP) (% of population),SI.POV.DDAY,..,..,..,..,..,..,..,..,..
Early-demographic dividend,EAR,Prevalence of moderate or severe food insecurity in the population (%),SN.ITK.MSFI.ZS,..,..,..,..,..,..,..,..,..
East Asia & Pacific,EAS,"GDP per capita, PPP (current international $)",NY.GDP.PCAP.PP.CD,16890.8665756057,18016.3685078978,19109.0873516499,19443.1770050374,21598.5847592384,23800.6462225106,25752.2654674716,27438.5129211192,29302.8935831596
East Asia & Pacific,EAS,"Population, total",SP.POP.TOTL,2333475520,2347576325,2359762190,2369420882,2375117716,2379617118,2384441485,2388319468,2390873921
East Asia & Pacific,EAS,Poverty headcount ratio at $3.00 a day (2021 PPP) (% of population),SI.POV.DDAY,4.1,3.3,2.6,2.7,2.6,2.4,2.2,2,..
East Asia & Pacific,EAS,Prevalence of moderate or severe food insecurity in the population (%),SN.ITK.MSFI.ZS,11.7947627,11.2935603,9.6649952,10.1868402,8.9526403,9.0169303,9.0596289,8.8353546,..
East Asia & Pacific (excluding high income),EAP,"GDP per capita, PPP (current international $)",NY.GDP.PCAP.PP.CD,13488.4527615171,14588.5359546838,15683.1259243092,16013.4753426599,17966.100209993,19923.1740251324,21686.0963057574,23283.4130214757,25083.7806139111
East Asia & Pacific (excluding high income),EAP,"Population, total",SP.POP.TOTL,2087238522,2100698838,2112289891,2121866294,2128553744,2133560408,2137527754,2141122258,2143908411
East Asia & Pacific (excluding high income),EAP,Poverty headcount ratio at $3.00 a day (2021 PPP) (% of population),SI.POV.DDAY,..,..,..,..,..,..,..,..,..
East Asia & Pacific (excluding high income),EAP,Prevalence of moderate or severe food insecurity in the population (%),SN.ITK.MSFI.ZS,..,..,..,..,..,..,..,..,..
East Asia & Pacific (IDA & IBRD countries),TEA,"GDP per capita, PPP (current international $)",NY.GDP.PCAP.PP.CD,13640.2597987988,14752.3323183285,15858.9260387373,16192.8182039717,18167.4009161466,20146.7246328844,21929.8374430801,23545.5187860765,25366.6056330139
East Asia & Pacific (IDA & IBRD countries),TEA,"Population, total",SP.POP.TOTL,2061449949,2074796982,2086281644,2095759417,2102350702,2107261123,2111139152,2114653077,2117367063
East Asia & Pacific (IDA & IBRD countries),TEA,Poverty headcount ratio at $3.00 a day (2021 PPP) (% of population),SI.POV.DDAY,..,..,..,..,..,..,..,..,..
East Asia & Pacific (IDA & IBRD countries),TEA,Prevalence of moderate or severe food insecurity in the population (%),SN.ITK.MSFI.ZS,12.6107441,12.0657302,10.2392283,10.8104405,9.3617817,9.3628036,9.2729678,9.1312642,..
Ecuador,ECU,"GDP per capita, PPP (current international $)",NY.GDP.PCAP.PP.CD,11793.4797426944,12186.8846084388,12543.0148243925,11526.8013009278,13507.4445638375,15195.6639594842,15907.3619798807,15848.3400023446,16756.6539631307
Ecuador,ECU,"Population, total",SP.POP.TOTL,16759519,17049547,17340021,17546065,17682454,17823897,17980083,18135478,18289896
Ecuador,ECU,Poverty headcount ratio at $3.00 a day (2021 PPP) (% of population),SI.POV.DDAY,4.3,4.7,4.6,8.4,5.3,4.4,4.7,7.3,3.4
Ecuador,ECU,Prevalence of moderate or severe food insecurity in the population (%),SN.ITK.MSFI.ZS,26.2,29.2,32.7,36.8,37.3,36.9,33.3,..,..
"Egypt, Arab Rep.",EGY,"GDP per capita, PPP (current international $)",NY.GDP.PCAP.PP.CD,11124.7351098149,12329.2446781436,13363.732696323,15231.865417764,15579.0160861551,17524.0240491999,18540.1079077988,19121.874936645,20204.0130500153
"Egypt, Arab Rep.",EGY,"Population, total",SP.POP.TOTL,103696057,105682094,107553158,109315124,110957008,112618250,114535772,116538258,118365995
"Egypt, Arab Rep.",EGY,Poverty headcount ratio at $3.00 a day (2021 PPP) (% of population),SI.POV.DDAY,3.1,..,2,..,1.4,..,..,..,..
"Egypt, Arab Rep.",EGY,Prevalence of moderate or severe food insecurity in the population (%),SN.ITK.MSFI.ZS,33.1,31.2,27.8,27.3,28.5,29.8,30.8,..,..
El Salvador,SLV,"GDP per capita, PPP (current international $)",NY.GDP.PCAP.PP.CD,8965.2189086345,9203.76216310773,9756.7521864595,9392.68913817943,10809.713399518,11874.0814242931,12667.4662875421,13258.1805042704,14101.1774819291
El Salvador,SLV,"Population, total",SP.POP.TOTL,6213533,6219807,6222318,6234673,6255782,6280319,6309624,6338193,6365503
El Salvador,SLV,Poverty headcount ratio at $3.00 a day (2021 PPP) (% of population),SI.POV.DDAY,4.6,4.1,3,..,5.1,5.2,4.6,..,..
El Salvador,SLV,Prevalence of moderate or severe food insecurity in the population (%),SN.ITK.MSFI.ZS,41.6,42.2,45.1,46.5,48.4,46.9,45.5,..,..
Equatorial Guinea,GNQ,"GDP per capita, PPP (current international $)",NY.GDP.PCAP.PP.CD,18434.7708571004,18413.1294204577,16451.3641478324,13677.110587517,16821.4486470413,18137.114494644,16997.002016833,17072.4273818835,16133.1056143137
Equatorial Guinea,GNQ,"Population, total",SP.POP.TOTL,1562396,1616422,1670177,1716468,1758786,1803545,1847549,1892516,1938431
Equatorial Guinea,GNQ,Poverty headcount ratio at $3.00 a day (2021 PPP) (% of population),SI.POV.DDAY,..,..,..,..,..,8.8,..,..,..
Equatorial Guinea,GNQ,Prevalence of moderate or severe food insecurity in the population (%),SN.ITK.MSFI.ZS,..,..,..,..,..,..,..,..,..
Eritrea,ERI,"GDP per capita, PPP (current international $)",NY.GDP.PCAP.PP.CD,..,..,..,..,..,..,..,..,..
Eritrea,ERI,"Population, total",SP.POP.TOTL,3150347,3192760,3240194,3291271,3350183,3409447,3470390,3535603,3607003
Eritrea,ERI,Poverty headcount ratio at $3.00 a day (2021 PPP) (% of population),SI.POV.DDAY,..,..,..,..,..,..,..,..,..
Eritrea,ERI,Prevalence of moderate or severe food insecurity in the population (%),SN.ITK.MSFI.ZS,..,..,..,..,..,..,..,..,..
Estonia,EST,"GDP per capita, PPP (current international $)",NY.GDP.PCAP.PP.CD,34506.6486942506,37120.9879761677,40586.3784378888,40672.1340402132,44247.4198971873,48029.83322897,48848.1421016254,50395.7686402966,52105.5093433416
Estonia,EST,"Population, total",SP.POP.TOTL,1317384,1321977,1326898,1329522,1330932,1348840,1370286,1372341,1366475
Estonia,EST,Poverty headcount ratio at $3.00 a day (2021 PPP) (% of population),SI.POV.DDAY,0.5,0.4,0.7,0.4,0.3,0.5,0.3,..,..
Estonia,EST,Prevalence of moderate or severe food insecurity in the population (%),SN.ITK.MSFI.ZS,8.2,7.4,7.9,7.9,8.5,9.3,10.8,..,..
Eswatini,SWZ,"GDP per capita, PPP (current international $)",NY.GDP.PCAP.PP.CD,8584.31100767837,8535.25593160454,9248.32206714455,9329.30453360939,9990.43491951205,10633.7069148254,11309.1967529876,11822.961305357,12529.2796629252
Eswatini,SWZ,"Population, total",SP.POP.TOTL,1158195,1168929,1179874,1192729,1206593,1218917,1230506,1242822,1256174
Eswatini,SWZ,Poverty headcount ratio at $3.00 a day (2021 PPP) (% of population),SI.POV.DDAY,..,..,..,..,..,..,..,..,..
Eswatini,SWZ,Prevalence of moderate or severe food insecurity in the population (%),SN.ITK.MSFI.ZS,..,..,..,59.4,57.7,57.2,59,..,..
Ethiopia,ETH,"GDP per capita, PPP (current international $)",NY.GDP.PCAP.PP.CD,2004.74755633129,2095.3175782979,2242.44488312932,2406.78938480121,2588.41310213778,2844.47188098448,3063.42789983124,3292.3093336937,3621.67487597821
Ethiopia,ETH,"Population, total",SP.POP.TOTL,109666481,112664152,115737383,118917671,122138588,125384287,128691692,132059767,135472051
Ethiopia,ETH,Poverty headcount ratio at $3.00 a day (2021 PPP) (% of population),SI.POV.DDAY,..,..,..,..,38.6,..,..,..,..
Ethiopia,ETH,Prevalence of moderate or severe food insecurity in the population (%),SN.ITK.MSFI.ZS,59.4,57.9,56.3,56.2,58.1,59,61.4,..,..
Euro area,EMU,"GDP per capita, PPP (current international $)",NY.GDP.PCAP.PP.CD,45355.7249821481,47318.5743379282,50791.823466043,49280.0229070473,53780.959568799,60679.2730178163,63831.250436355,65966.8442234144,67483.0829954093
Euro area,EMU,"Population, total",SP.POP.TOTL,351613647,352303991,353113327,353536838,353715415,354666175,356209318,357603357,358664361
Euro area,EMU,Poverty headcount ratio at $3.00 a day (2021 PPP) (% of population),SI.POV.DDAY,..,..,..,..,..,..,..,..,..
Euro area,EMU,Prevalence of moderate or severe food insecurity in the population (%),SN.ITK.MSFI.ZS,..,..,..,..,..,..,..,..,..
Europe & Central Asia,ECS,"GDP per capita, PPP (current international $)",NY.GDP.PCAP.PP.CD,34259.0681434047,36005.7438495717,38621.8354876282,38111.8684660125,42434.0454804633,47853.0774254467,50482.8793630789,52686.8964371402,54129.367938537
Europe & Central Asia,ECS,"Population, total",SP.POP.TOTL,915063823,918415818,921929161,923660463,924375980,924267385,924805070,928566925,932525035
Europe & Central Asia,ECS,Poverty headcount ratio at $3.00 a day (2021 PPP) (% of population),SI.POV.DDAY,1,0.8,0.8,0.8,0.8,0.8,0.7,0.6,..
Europe & Central Asia,ECS,Prevalence of moderate or severe food insecurity in the population (%),SN.ITK.MSFI.ZS,10.2279506,9.4156546,9.3619709,11.0116728,12.0747183,11.6047644,10.9249905,10.3671934,..
Europe & Central Asia (excluding high income),ECA,"GDP per capita, PPP (current international $)",NY.GDP.PCAP.PP.CD,17699.3753418621,18367.137563627,19511.551470697,19846.6527118457,22179.1768626,25303.5664518492,27766.6698723474,29265.2526450133,30030.257867286
Europe & Central Asia (excluding high income),ECA,"Population, total",SP.POP.TOTL,244308649,246400484,248576676,250351240,251867727,250514347,248718948,250394482,253280471
Europe & Central Asia (excluding high income),ECA,Poverty headcount ratio at $3.00 a day (2021 PPP) (% of population),SI.POV.DDAY,..,..,..,..,..,..,..,..,..
Europe & Central Asia (excluding high income),ECA,Prevalence of moderate or severe food insecurity in the population (%),SN.ITK.MSFI.ZS,..,..,..,..,..,..,..,..,..
Europe & Central Asia (IDA & IBRD countries),TEC,"GDP per capita, PPP (current international $)",NY.GDP.PCAP.PP.CD,21984.7587570527,23563.3304708478,25430.3956536262,25868.6126368479,29918.4650718143,33113.9262458023,35927.6578826571,38191.6752565419,39498.078452217
Europe & Central Asia (IDA & IBRD countries),TEC,"Population, total",SP.POP.TOTL,458010325,459946883,461933206,462842288,463104389,460942269,458599775,459982788,462559433
Europe & Central Asia (IDA & IBRD countries),TEC,Poverty headcount ratio at $3.00 a day (2021 PPP) (% of population),SI.POV.DDAY,..,..,..,..,..,..,..,..,..
Europe & Central Asia (IDA & IBRD countries),TEC,Prevalence of moderate or severe food insecurity in the population (%),SN.ITK.MSFI.ZS,14.648013,13.6449722,13.7572916,16.9525939,18.858219,17.1462068,15.2704095,14.5421436,..
European Union,EUU,"GDP per capita, PPP (current international $)",NY.GDP.PCAP.PP.CD,43031.1203352541,45055.2034320701,48588.1245287343,47566.4351629128,51968.4388292725,58573.2066494976,61545.8225542114,63808.066483507,65503.0695908092
European Union,EUU,"Population, total",SP.POP.TOTL,445321060,446058453,446910453,446870959,446228281,447203596,448897545,450228188,451127411
European Union,EUU,Poverty headcount ratio at $3.00 a day (2021 PPP) (% of population),SI.POV.DDAY,..,..,..,..,..,..,..,..,..
European Union,EUU,Prevalence of moderate or severe food insecurity in the population (%),SN.ITK.MSFI.ZS,..,..,..,..,..,..,..,..,..
Faroe Islands,FRO,"GDP per capita, PPP (current international $)",NY.GDP.PCAP.PP.CD,56417.3562497037,58931.9758558052,62225.8459648561,61655.542982019,68433.2144298182,75266.2952690413,79784.0760936327,82089.2832575392,..
Faroe Islands,FRO,"Population, total",SP.POP.TOTL,50179,50997,51790,52561,53291,53903,54398,54640,54900
Faroe Islands,FRO,Poverty headcount ratio at $3.00 a day (2021 PPP) (% of population),SI.POV.DDAY,..,..,..,..,..,..,..,..,..
Faroe Islands,FRO,Prevalence of moderate or severe food insecurity in the population (%),SN.ITK.MSFI.ZS,..,..,..,..,..,..,..,..,..
Fiji,FJI,"GDP per capita, PPP (current international $)",NY.GDP.PCAP.PP.CD,12585.2777064526,12984.2072545454,12978.0990352704,10716.2914367663,10322.4279638854,12980.234013809,14656.2474506851,15472.737444718,16337.5722970567
Fiji,FJI,"Population, total",SP.POP.TOTL,918759,917180,914899,914963,916711,919422,924145,928784,933154
Fiji,FJI,Poverty headcount ratio at $3.00 a day (2021 PPP) (% of population),SI.POV.DDAY,..,..,4.7,..,..,..,..,..,..
Fiji,FJI,Prevalence of moderate or severe food insecurity in the population (%),SN.ITK.MSFI.ZS,..,..,14.3,19.3,24.2,29.2,..,..,..
Finland,FIN,"GDP per capita, PPP (current international $)",NY.GDP.PCAP.PP.CD,47234.8528600939,49248.6775395866,52276.1115723992,53296.5792798852,56790.3766177692,62133.1375219912,63466.8356113767,65137.1816928289,65884.4876972259
Finland,FIN,"Population, total",SP.POP.TOTL,5508214,5515525,5521606,5529543,5541017,5556106,5583911,5619911,5646436
Finland,FIN,Poverty headcount ratio at $3.00 a day (2021 PPP) (% of population),SI.POV.DDAY,0.1,0.1,0,0,0,0.1,0.2,..,..
Finland,FIN,Prevalence of moderate or severe food insecurity in the population (%),SN.ITK.MSFI.ZS,8.3,7.7,8,8.8,10.5,12.6,13.4,..,..
France,FRA,"GDP per capita, PPP (current international $)",NY.GDP.PCAP.PP.CD,44469.1458856805,46381.0590629457,51130.4723140578,49481.8044309655,52517.3354905855,57012.0586826676,60927.0361517867,62524.5434134804,63975.353585864
France,FRA,"Population, total",SP.POP.TOTL,66918020,67158348,67382061,67601110,67842811,68184457,68372286,68551653,68720337
France,FRA,Poverty headcount ratio at $3.00 a day (2021 PPP) (% of population),SI.POV.DDAY,0,0,0.1,0.1,0.1,0.1,0.1,..,..
France,FRA,Prevalence of moderate or severe food insecurity in the population (%),SN.ITK.MSFI.ZS,6.3,6,5.8,5.9,6.6,7.9,8.4,..,..
French Polynesia,PYF,"GDP per capita, PPP (current international $)",NY.GDP.PCAP.PP.CD,..,..,..,..,..,..,..,..,..
French Polynesia,PYF,"Population, total",SP.POP.TOTL,280087,279815,279034,279209,279792,280378,281118,281807,282465
French Polynesia,PYF,Poverty headcount ratio at $3.00 a day (2021 PPP) (% of population),SI.POV.DDAY,..,..,..,..,..,..,..,..,..
French Polynesia,PYF,Prevalence of moderate or severe food insecurity in the population (%),SN.ITK.MSFI.ZS,..,..,..,..,..,..,..,..,..
Gabon,GAB,"GDP per capita, PPP (current international $)",NY.GDP.PCAP.PP.CD,14796.6286374171,15432.0430535353,15949.6373739622,14477.1308291818,18523.5798032135,19989.3886367516,20772.7726890351,21541.4112646776,22218.341068445
Gabon,GAB,"Population, total",SP.POP.TOTL,2156900,2212318,2267706,2322539,2376722,2430747,2484789,2538952,2593130
Gabon,GAB,Poverty headcount ratio at $3.00 a day (2021 PPP) (% of population),SI.POV.DDAY,3.8,..,..,..,..,..,..,..,..
Gabon,GAB,Prevalence of moderate or severe food insecurity in the population (%),SN.ITK.MSFI.ZS,..,..,..,..,..,..,..,..,..
"Gambia, The",GMB,"GDP per capita, PPP (current international $)",NY.GDP.PCAP.PP.CD,2038.95429850128,2277.44236224191,2421.72318070615,2530.80414937307,2777.79620978324,3066.82429529872,3291.84381275128,3480.66001035486,3705.64184038599
"Gambia, The",GMB,"Population, total",SP.POP.TOTL,2342189,2399632,2456844,2515733,2576010,2636470,2697845,2759988,2822093
"Gambia, The",GMB,Poverty headcount ratio at $3.00 a day (2021 PPP) (% of population),SI.POV.DDAY,..,..,..,22,..,..,..,..,..
"Gambia, The",GMB,Prevalence of moderate or severe food insecurity in the population (%),SN.ITK.MSFI.ZS,52.7,54.3,56,58,60.7,59,54.8,..,..
Georgia,GEO,"GDP per capita, PPP (current international $)",NY.GDP.PCAP.PP.CD,13718.9378669764,15021.9057577433,16770.1333771469,16791.2598654465,18915.6534005263,22457.7729614408,25092.632631604,27486.8762116648,29414.3813424216
Georgia,GEO,"Population, total",SP.POP.TOTL,3728004,3726549,3720161,3722716,3708610,3712502,3715483,3812518,3935766
Georgia,GEO,Poverty headcount ratio at $3.00 a day (2021 PPP) (% of population),SI.POV.DDAY,11.1,11,9.7,12,10.8,7.7,5.8,4.2,..
Georgia,GEO,Prevalence of moderate or severe food insecurity in the population (%),SN.ITK.MSFI.ZS,35.5,38.3,39.7,38.8,36.5,32.3,26.6,..,..
Germany,DEU,"GDP per capita, PPP (current international $)",NY.GDP.PCAP.PP.CD,54142.7414864571,56320.6026829454,59310.9693966204,58704.5861986404,62630.7748127737,69669.6495435563,72262.2235142279,73957.0012170966,75406.6888111618
Germany,DEU,"Population, total",SP.POP.TOTL,82657002,82905782,83092962,83160871,83196078,83177813,83287273,83516593,83491249
Germany,DEU,Poverty headcount ratio at $3.00 a day (2021 PPP) (% of population),SI.POV.DDAY,0.2,0.1,0.2,0.3,0.6,0.7,..,..,..
Germany,DEU,Prevalence of moderate or severe food insecurity in the population (%),SN.ITK.MSFI.ZS,3.6,3.5,3.4,3.5,3.8,4,4.1,..,..
Ghana,GHA,"GDP per capita, PPP (current international $)",NY.GDP.PCAP.PP.CD,5170.96094857439,5536.49795400218,6002.55044678386,6047.30111673554,6607.50297378321,7207.01563645025,7562.64422849208,8051.19381149848,8610.2796922986
Ghana,GHA,"Population, total",SP.POP.TOTL,30008354,30637585,31258945,31887809,32518665,33149152,33787914,34427414,35064272
Ghana,GHA,Poverty headcount ratio at $3.00 a day (2021 PPP) (% of population),SI.POV.DDAY,..,..,..,..,..,..,..,..,..
Ghana,GHA,Prevalence of moderate or severe food insecurity in the population (%),SN.ITK.MSFI.ZS,43.8,39.5,38.2,36.6,38.8,42.4,44.5,..,..
Gibraltar,GIB,"GDP per capita, PPP (current international $)",NY.GDP.PCAP.PP.CD,..,..,..,..,..,..,..,..,..
Gibraltar,GIB,"Population, total",SP.POP.TOTL,34245,34854,35494,36173,36858,37609,38471,39329,40126
Gibraltar,GIB,Poverty headcount ratio at $3.00 a day (2021 PPP) (% of population),SI.POV.DDAY,..,..,..,..,..,..,..,..,..
Gibraltar,GIB,Prevalence of moderate or severe food insecurity in the population (%),SN.ITK.MSFI.ZS,..,..,..,..,..,..,..,..,..
Greece,GRC,"GDP per capita, PPP (current international $)",NY.GDP.PCAP.PP.CD,28681.6815585005,29792.0592519585,31927.3792151369,29533.087740299,33528.2271202515,39447.813910406,42613.6574438075,44170.9556658376,45263.6498511586
Greece,GRC,"Population, total",SP.POP.TOTL,10754679,10732882,10721582,10698599,10570130,10437805,10407351,10405134,10413962
Greece,GRC,Poverty headcount ratio at $3.00 a day (2021 PPP) (% of population),SI.POV.DDAY,1.1,0.2,1,1.1,0.7,0.6,0.6,..,..
Greece,GRC,Prevalence of moderate or severe food insecurity in the population (%),SN.ITK.MSFI.ZS,16.6,13.3,8.6,6.8,6.3,6.4,6.6,..,..
Greenland,GRL,"GDP per capita, PPP (current international $)",NY.GDP.PCAP.PP.CD,60010.0982907298,61806.8271308174,64264.0564607393,64999.4435683064,69302.0088788237,75708.4296211883,78905.5801137274,..,..
Greenland,GRL,"Population, total",SP.POP.TOTL,56172,56023,56225,56367,56653,56661,56865,56836,56831
Greenland,GRL,Poverty headcount ratio at $3.00 a day (2021 PPP) (% of population),SI.POV.DDAY,..,..,..,..,..,..,..,..,..
Greenland,GRL,Prevalence of moderate or severe food insecurity in the population (%),SN.ITK.MSFI.ZS,..,..,..,..,..,..,..,..,..
Grenada,GRD,"GDP per capita, PPP (current international $)",NY.GDP.PCAP.PP.CD,15041.4525712067,15974.8591933124,16446.1138871871,14361.1267154452,15290.250903138,17541.2011831673,18986.3762946619,19903.184889337,21345.9653408221
Grenada,GRD,"Population, total",SP.POP.TOTL,115438,115691,115981,116341,116688,116913,117081,117207,117303
Grenada,GRD,Poverty headcount ratio at $3.00 a day (2021 PPP) (% of population),SI.POV.DDAY,..,0.8,..,..,..,..,..,..,..
Grenada,GRD,Prevalence of moderate or severe food insecurity in the population (%),SN.ITK.MSFI.ZS,23.6,23.6,23.6,22.3,20.7,18.6,17.3,..,..
Guam,GUM,"GDP per capita, PPP (current international $)",NY.GDP.PCAP.PP.CD,..,..,..,..,..,..,..,..,..
Guam,GUM,"Population, total",SP.POP.TOTL,163490,162679,161808,162158,163730,165180,166506,167777,168999
Guam,GUM,Poverty headcount ratio at $3.00 a day (2021 PPP) (% of population),SI.POV.DDAY,..,..,..,..,..,..,..,..,..
Guam,GUM,Prevalence of moderate or severe food insecurity in the population (%),SN.ITK.MSFI.ZS,..,..,..,..,..,..,..,..,..
Guatemala,GTM,"GDP per capita, PPP (current international $)",NY.GDP.PCAP.PP.CD,9560.1778346272,9946.80252245268,10755.8801029589,10947.3711292197,11825.141273764,13008.2565459863,13751.6084364487,14393.0528302577,15197.0831415082
Guatemala,GTM,"Population, total",SP.POP.TOTL,16567357,16845685,17103803,17357325,17598650,17847877,18124838,18406359,18687881
Guatemala,GTM,Poverty headcount ratio at $3.00 a day (2021 PPP) (% of population),SI.POV.DDAY,..,..,..,..,..,..,9.7,..,..
Guatemala,GTM,Prevalence of moderate or severe food insecurity in the population (%),SN.ITK.MSFI.ZS,43.5,45.2,49.6,55.8,55,52.4,48.8,..,..
Guinea,GIN,"GDP per capita, PPP (current international $)",NY.GDP.PCAP.PP.CD,2687.09504827171,2844.46427670549,3105.82789015443,3331.85663003801,3738.8051255133,4061.71755990026,4337.3181486001,4571.93087130821,4934.65125959855
Guinea,GIN,"Population, total",SP.POP.TOTL,12385659,12704774,13034346,13371183,13710513,14055137,14405468,14754785,15099727
Guinea,GIN,Poverty headcount ratio at $3.00 a day (2021 PPP) (% of population),SI.POV.DDAY,..,11.7,..,..,..,..,..,..,..
Guinea,GIN,Prevalence of moderate or severe food insecurity in the population (%),SN.ITK.MSFI.ZS,..,..,..,..,..,..,..,..,..
Guinea-Bissau,GNB,"GDP per capita, PPP (current international $)",NY.GDP.PCAP.PP.CD,2081.81287227685,2057.96969129146,2247.29524698075,2339.79956661743,2522.12869240841,2785.7846268362,2955.52345541775,3093.46533465682,3293.09532269486
Guinea-Bissau,GNB,"Population, total",SP.POP.TOTL,1877072,1922168,1967696,2013255,2058841,2105529,2153339,2201352,2249515
Guinea-Bissau,GNB,Poverty headcount ratio at $3.00 a day (2021 PPP) (% of population),SI.POV.DDAY,..,37.1,..,..,39.9,..,..,..,..
Guinea-Bissau,GNB,Prevalence of moderate or severe food insecurity in the population (%),SN.ITK.MSFI.ZS,61.7,61.8,62,62.3,62.4,62.5,..,..,..
Guyana,GUY,"GDP per capita, PPP (current international $)",NY.GDP.PCAP.PP.CD,12243.2225968541,12442.5087185876,13240.9713761155,16819.4228714695,22865.9270968882,39704.6761521236,54774.145474106,80271.4254322872,97899.0116180627
Guyana,GUY,"Population, total",SP.POP.TOTL,768479,791556,807665,807481,815482,821637,826353,831087,835986
Guyana,GUY,Poverty headcount ratio at $3.00 a day (2021 PPP) (% of population),SI.POV.DDAY,..,..,..,..,..,..,..,..,..
Guyana,GUY,Prevalence of moderate or severe food insecurity in the population (%),SN.ITK.MSFI.ZS,..,..,..,..,25.5,25.5,25.5,..,..
Haiti,HTI,"GDP per capita, PPP (current international $)",NY.GDP.PCAP.PP.CD,3339.38884653446,3196.97386370614,3236.97492504607,3103.18066312462,3116.56505397604,3245.27176023069,3264.65805430675,3168.87908307377,3133.72347930529
Haiti,HTI,"Population, total",SP.POP.TOTL,10817754,10962362,11105163,11243848,11374586,11503606,11637398,11772557,11906095
Haiti,HTI,Poverty headcount ratio at $3.00 a day (2021 PPP) (% of population),SI.POV.DDAY,..,..,..,..,..,..,..,..,..
Haiti,HTI,Prevalence of moderate or severe food insecurity in the population (%),SN.ITK.MSFI.ZS,..,..,82.7,82.5,82.6,82.8,83.2,..,..
Heavily indebted poor countries (HIPC),HPC,"GDP per capita, PPP (current international $)",NY.GDP.PCAP.PP.CD,2592.16399013282,2696.73763647632,2821.57243709207,2819.59419004653,3038.71814072197,3315.17526375206,3458.77171509896,3620.11674779792,3833.88968092125
Heavily indebted poor countries (HIPC),HPC,"Population, total",SP.POP.TOTL,778657210,801220102,823805910,846861642,869987833,892885172,916223767,940304348,965148593
Heavily indebted poor countries (HIPC),HPC,Poverty headcount ratio at $3.00 a day (2021 PPP) (% of population),SI.POV.DDAY,..,..,..,..,..,..,..,..,..
Heavily indebted poor countries (HIPC),HPC,Prevalence of moderate or severe food insecurity in the population (%),SN.ITK.MSFI.ZS,..,..,..,..,..,..,..,..,..
High income,HIC,"GDP per capita, PPP (current international $)",NY.GDP.PCAP.PP.CD,46339.3351184978,48641.7039453571,51030.0596237958,50047.16318369,55735.7734268154,61763.8921910397,64880.597656891,67537.3747554791,69953.0047569439
High income,HIC,"Population, total",SP.POP.TOTL,1380317891,1384829843,1389767299,1393469256,1391809845,1398027812,1408138595,1417926222,1423739902
High income,HIC,Poverty headcount ratio at $3.00 a day (2021 PPP) (% of population),SI.POV.DDAY,0.7,0.6,0.6,0.4,0.4,0.7,0.6,0.6,..
High income,HIC,Prevalence of moderate or severe food insecurity in the population (%),SN.ITK.MSFI.ZS,7.8603346,7.1915636,7.0176445,7.3722945,7.1621699,8.0158837,8.3230205,7.9104079,..
Honduras,HND,"GDP per capita, PPP (current international $)",NY.GDP.PCAP.PP.CD,5620.65455247733,5633.3832384519,5784.93081057111,5384.69831983038,6202.98078812037,6804.41504589356,7184.25562362375,7502.56902428309,7871.09129065536
Honduras,HND,"Population, total",SP.POP.TOTL,9588137,9765210,9943633,10119640,10289877,10463872,10644851,10825703,11005850
Honduras,HND,Poverty headcount ratio at $3.00 a day (2021 PPP) (% of population),SI.POV.DDAY,19.3,19.8,18.8,..,..,..,17,15.7,..
Honduras,HND,Prevalence of moderate or severe food insecurity in the population (%),SN.ITK.MSFI.ZS,41.1,40.9,45.6,48.4,49.3,43.7,41.3,..,..
"Hong Kong SAR, China",HKG,"GDP per capita, PPP (current international $)",NY.GDP.PCAP.PP.CD,59260.9131761938,60900.2752924537,61221.4195400701,58187.4764072535,65884.9376260603,68590.1858741565,71519.1754897022,75341.6985534061,80422.8129947646
"Hong Kong SAR, China",HKG,"Population, total",SP.POP.TOTL,7393200,7452600,7507900,7481000,7413100,7346100,7536100,7524100,7498900
"Hong Kong SAR, China",HKG,Poverty headcount ratio at $3.00 a day (2021 PPP) (% of population),SI.POV.DDAY,..,..,..,..,..,..,..,..,..
"Hong Kong SAR, China",HKG,Prevalence of moderate or severe food insecurity in the population (%),SN.ITK.MSFI.ZS,..,..,..,..,..,..,..,..,..
Hungary,HUN,"GDP per capita, PPP (current international $)",NY.GDP.PCAP.PP.CD,29728.0121568801,32258.2577892511,35627.2315520858,35583.5855675637,38887.1909527154,44232.4363539167,46376.1979062264,48540.1614792293,49837.6008411067
Hungary,HUN,"Population, total",SP.POP.TOTL,9726756,9706964,9694824,9670419,9630932,9605074,9592186,9562065,9514251
Hungary,HUN,Poverty headcount ratio at $3.00 a day (2021 PPP) (% of population),SI.POV.DDAY,0.9,..,..,..,..,..,..,..,..
Hungary,HUN,Prevalence of moderate or severe food insecurity in the population (%),SN.ITK.MSFI.ZS,8.8,6.9,8.6,10.6,12.6,15,15.6,..,..
IBRD only,IBD,"GDP per capita, PPP (current international $)",NY.GDP.PCAP.PP.CD,12768.4504770933,13663.8085391697,14477.6913232968,14525.8229564665,16390.9943192501,18226.9940818677,19714.3753441925,21007.2920507601,22330.2081478905
IBRD only,IBD,"Population, total",SP.POP.TOTL,4765773411,4806981820,4845075024,4878296727,4905212516,4928196300,4952209753,4979670326,5006926951
IBRD only,IBD,Poverty headcount ratio at $3.00 a day (2021 PPP) (% of population),SI.POV.DDAY,..,..,..,..,..,..,..,..,..
IBRD only,IBD,Prevalence of moderate or severe food insecurity in the population (%),SN.ITK.MSFI.ZS,20.2814677,21.5707422,21.7447445,25.450852,24.5367298,23.2185338,22.7756769,21.6449547,..
Iceland,ISL,"GDP per capita, PPP (current international $)",NY.GDP.PCAP.PP.CD,56385.0430004634,58105.5882495515,61270.1315624391,56840.7423583166,62720.7916832797,76592.3392429534,82256.5277425273,83561.4294628375,83431.2131434311
Iceland,ISL,"Population, total",SP.POP.TOTL,343400,352721,360563,366463,372520,382003,385663,386506,392404
Iceland,ISL,Poverty headcount ratio at $3.00 a day (2021 PPP) (% of population),SI.POV.DDAY,0,0.3,0.1,..,..,..,..,..,..
Iceland,ISL,Prevalence of moderate or severe food insecurity in the population (%),SN.ITK.MSFI.ZS,6.8,7.2,6.6,6.3,6.1,7,7.8,..,..
IDA & IBRD total,IBT,"GDP per capita, PPP (current international $)",NY.GDP.PCAP.PP.CD,10517.9115303629,11193.8922004109,11821.5980307367,11830.5520689244,13235.8358387854,14655.7063384128,15756.333387375,16713.4152377213,17699.533752673
IDA & IBRD total,IBT,"Population, total",SP.POP.TOTL,6439279067,6517257782,6593373309,6665588686,6731708832,6793703268,6857438587,6925362193,6993790788
IDA & IBRD total,IBT,Poverty headcount ratio at $3.00 a day (2021 PPP) (% of population),SI.POV.DDAY,..,..,..,..,..,..,..,..,..
IDA & IBRD total,IBT,Prevalence of moderate or severe food insecurity in the population (%),SN.ITK.MSFI.ZS,26.3956713,27.7258697,28.1580668,32.560938,32.6963394,32.0278712,31.7655179,31.3703131,..
IDA blend,IDB,"GDP per capita, PPP (current international $)",NY.GDP.PCAP.PP.CD,5809.93468689794,5828.40490784309,6080.97764858023,6037.07966729885,6382.99566586346,7020.87499158066,7337.37829292445,7676.22430731754,8089.58949895873
IDA blend,IDB,"Population, total",SP.POP.TOTL,590024074,601951913,614017319,626440308,639196319,651895919,664395892,676957651,689783382
IDA blend,IDB,Poverty headcount ratio at $3.00 a day (2021 PPP) (% of population),SI.POV.DDAY,..,..,..,..,..,..,..,..,..
IDA blend,IDB,Prevalence of moderate or severe food insecurity in the population (%),SN.ITK.MSFI.ZS,..,..,..,..,..,..,..,..,..
IDA only,IDX,"GDP per capita, PPP (current international $)",NY.GDP.PCAP.PP.CD,3200.53150907702,3416.83013920597,3606.52665630147,3654.22824941863,3916.20866525795,4283.22697886502,4496.94705641825,4713.40465729198,4969.26059674433
IDA only,IDX,"Population, total",SP.POP.TOTL,1083481582,1108324049,1134280966,1160851651,1187299997,1213611049,1240832942,1268734216,1297080455
IDA only,IDX,Poverty headcount ratio at $3.00 a day (2021 PPP) (% of population),SI.POV.DDAY,..,..,..,..,..,..,..,..,..
IDA only,IDX,Prevalence of moderate or severe food insecurity in the population (%),SN.ITK.MSFI.ZS,..,..,..,..,..,..,..,..,..
IDA total,IDA,"GDP per capita, PPP (current international $)",NY.GDP.PCAP.PP.CD,4118.62497080602,4262.01562307117,4471.40790689188,4484.60914126436,4773.92168551026,5233.90210267334,5480.71341421774,5736.82650018978,6044.38020226913
IDA total,IDA,"Population, total",SP.POP.TOTL,1673505656,1710275962,1748298285,1787291959,1826496316,1865506968,1905228834,1945691867,1986863837
IDA total,IDA,Poverty headcount ratio at $3.00 a day (2021 PPP) (% of population),SI.POV.DDAY,34.7,34,33.9,35.7,36.2,35.9,36.1,35.9,..
IDA total,IDA,Prevalence of moderate or severe food insecurity in the population (%),SN.ITK.MSFI.ZS,43.8979545,45.1168423,46.0209553,52.0615688,54.7118242,55.40259,55.2284415,56.3458204,..
India,IND,"GDP per capita, PPP (current international $)",NY.GDP.PCAP.PP.CD,5968.11490280172,6521.97490856972,6945.40309824538,6766.06119055994,7818.65701757504,8941.09277447514,9853.04309264591,10718.5934040662,11747.9160436011
India,IND,"Population, total",SP.POP.TOTL,1359657400,1374659064,1389030312,1402617695,1414203896,1425423212,1438069596,1450935791,1463865525
India,IND,Poverty headcount ratio at $3.00 a day (2021 PPP) (% of population),SI.POV.DDAY,..,..,..,..,..,5.3,..,..,..
India,IND,Prevalence of moderate or severe food insecurity in the population (%),SN.ITK.MSFI.ZS,..,..,..,..,..,..,..,..,..
Indonesia,IDN,"GDP per capita, PPP (current international $)",NY.GDP.PCAP.PP.CD,10687.6409218443,11372.0971987612,11986.4701508376,11729.3674458448,12757.0746440204,14282.6654124401,15428.3856954945,16472.4825935409,17659.7921291587
Indonesia,IDN,"Population, total",SP.POP.TOTL,267346658,269951846,272489381,274814866,276758053,278830529,281190067,283487931,285721236
Indonesia,IDN,Poverty headcount ratio at $3.00 a day (2021 PPP) (% of population),SI.POV.DDAY,14.8,12.5,10.9,9.8,8.6,7.9,6.7,5.4,4
Indonesia,IDN,Prevalence of moderate or severe food insecurity in the population (%),SN.ITK.MSFI.ZS,7.6,7,5.8,5.1,4.9,4.7,4.5,..,..
"Iran, Islamic Rep.",IRN,"GDP per capita, PPP (current international $)",NY.GDP.PCAP.PP.CD,15719.416701551,15324.0674634637,13927.5128074328,15119.3058859964,15884.4276775963,17542.844026084,18932.6833817658,19902.7484779621,19699.2193549189
"Iran, Islamic Rep.",IRN,"Population, total",SP.POP.TOTL,85026754,86117998,87051648,87723443,88455488,89524246,90608707,91567738,92417681
"Iran, Islamic Rep.",IRN,Poverty headcount ratio at $3.00 a day (2021 PPP) (% of population),SI.POV.DDAY,2.7,3.2,4.3,4.6,3.7,2.8,2.5,..,..
"Iran, Islamic Rep.",IRN,Prevalence of moderate or severe food insecurity in the population (%),SN.ITK.MSFI.ZS,42.4,40.6,42.5,42.4,40.8,39.9,38.8,..,..
Iraq,IRQ,"GDP per capita, PPP (current international $)",NY.GDP.PCAP.PP.CD,10191.6616988639,12034.4011214944,12248.5917385963,10573.9304750715,12731.7535755128,14388.8485236797,14664.5981923773,14485.3248937523,14266.7965348226
Iraq,IRQ,"Population, total",SP.POP.TOTL,39337353,40265624,41192171,42116605,43071211,44070551,45074049,46042015,47020774
Iraq,IRQ,Poverty headcount ratio at $3.00 a day (2021 PPP) (% of population),SI.POV.DDAY,..,..,..,..,..,..,0.5,..,..
Iraq,IRQ,Prevalence of moderate or severe food insecurity in the population (%),SN.ITK.MSFI.ZS,..,..,..,..,..,..,..,..,..
Ireland,IRL,"GDP per capita, PPP (current international $)",NY.GDP.PCAP.PP.CD,80409.4548397032,86368.9782047908,92042.2566065385,97677.4943055886,116702.85817485,138464.829172919,133440.438499393,140779.203379453,155089.413131749
Ireland,IRL,"Population, total",SP.POP.TOTL,4827445,4898022,4976456,5039747,5110585,5212836,5311538,5395790,5484367
Ireland,IRL,Poverty headcount ratio at $3.00 a day (2021 PPP) (% of population),SI.POV.DDAY,0.3,0.1,0.1,0.2,0.1,0.2,0.1,..,..
Ireland,IRL,Prevalence of moderate or severe food insecurity in the population (%),SN.ITK.MSFI.ZS,6.6,7.2,8.3,6.5,5.4,4.2,4.8,..,..
Isle of Man,IMN,"GDP per capita, PPP (current international $)",NY.GDP.PCAP.PP.CD,..,..,..,..,..,..,..,..,..
Isle of Man,IMN,"Population, total",SP.POP.TOTL,83609,83805,83957,84064,84106,84132,84165,84160,84118
Isle of Man,IMN,Poverty headcount ratio at $3.00 a day (2021 PPP) (% of population),SI.POV.DDAY,..,..,..,..,..,..,..,..,..
Isle of Man,IMN,Prevalence of moderate or severe food insecurity in the population (%),SN.ITK.MSFI.ZS,..,..,..,..,..,..,..,..,..
Israel,ISR,"GDP per capita, PPP (current international $)",NY.GDP.PCAP.PP.CD,39350.730387912,40101.487265134,41176.910821106,40969.2987342816,46151.100820403,53616.7140829107,55301.43606891,57277.8631217651,59716.9735387228
Israel,ISR,"Population, total",SP.POP.TOTL,8713300,8882800,9054000,9215100,9371400,9557500,9849000,10002200,10122800
Israel,ISR,Poverty headcount ratio at $3.00 a day (2021 PPP) (% of population),SI.POV.DDAY,0.7,0.7,0.9,0.7,0.6,0.4,..,..,..
Israel,ISR,Prevalence of moderate or severe food insecurity in the population (%),SN.ITK.MSFI.ZS,12.2,12.7,12.2,9.7,7.4,7.2,9.2,..,..
Italy,ITA,"GDP per capita, PPP (current international $)",NY.GDP.PCAP.PP.CD,42142.3435406885,43583.3823241172,46661.9105159611,44435.6434393527,49825.3934111848,57260.8945372493,60349.664512107,62292.9012423008,62802.5108384276
Italy,ITA,"Population, total",SP.POP.TOTL,60002252,59877221,59729081,59438851,59133173,59013667,58984216,58952704,58915656
Italy,ITA,Poverty headcount ratio at $3.00 a day (2021 PPP) (% of population),SI.POV.DDAY,1.5,1.7,1,0.9,0.9,0.7,0.9,..,..
Italy,ITA,Prevalence of moderate or severe food insecurity in the population (%),SN.ITK.MSFI.ZS,..,..,..,..,2.2,2,1.7,..,..
Jamaica,JAM,"GDP per capita, PPP (current international $)",NY.GDP.PCAP.PP.CD,10466.4876782146,10752.7406650924,10845.0113635875,9764.3525879784,10430.6909771759,11885.8863913319,12661.3324691366,12908.9862451809,13291.253767787
Jamaica,JAM,"Population, total",SP.POP.TOTL,2815764,2820097,2823271,2830739,2837682,2839144,2839786,2839175,2837077
Jamaica,JAM,Poverty headcount ratio at $3.00 a day (2021 PPP) (% of population),SI.POV.DDAY,..,0.4,..,..,1.4,..,..,..,..
Jamaica,JAM,Prevalence of moderate or severe food insecurity in the population (%),SN.ITK.MSFI.ZS,46.9,45.8,48.4,50.3,54.4,55.1,56.4,..,..
Japan,JPN,"GDP per capita, PPP (current international $)",NY.GDP.PCAP.PP.CD,42346.876013211,43090.0699981402,43743.5313931194,43560.021428549,45999.4617966896,49245.964174373,52726.2389417641,54156.2687689605,55421.8797530311
Japan,JPN,"Population, total",SP.POP.TOTL,126972000,126811000,126633000,126261000,125681593,125124989,124516650,123975371,123366734
Japan,JPN,Poverty headcount ratio at $3.00 a day (2021 PPP) (% of population),SI.POV.DDAY,0.6,1,1.3,1.2,..,..,..,..,..
Japan,JPN,Prevalence of moderate or severe food insecurity in the population (%),SN.ITK.MSFI.ZS,3.2,3.2,3.4,3.8,4.4,5.5,5.8,..,..
Jordan,JOR,"GDP per capita, PPP (current international $)",NY.GDP.PCAP.PP.CD,10140.0335144087,9889.90818777299,10305.6561841508,10506.7284780872,10056.5611261239,10880.9956299022,11450.5720698729,11916.3623210714,12631.6299394746
Jordan,JOR,"Population, total",SP.POP.TOTL,10234226,10462306,10671891,10865228,11066356,11256263,11439213,11552876,11520684
Jordan,JOR,Poverty headcount ratio at $3.00 a day (2021 PPP) (% of population),SI.POV.DDAY,..,..,..,..,..,..,..,..,..
Jordan,JOR,Prevalence of moderate or severe food insecurity in the population (%),SN.ITK.MSFI.ZS,..,..,..,..,..,..,..,..,..
Kazakhstan,KAZ,"GDP per capita, PPP (current international $)",NY.GDP.PCAP.PP.CD,23973.0602295651,25096.1285862615,28689.2710838374,29039.8229624509,32945.8515725823,35889.3953214448,38546.9287207389,40950.3167392792,44293.4839632441
Kazakhstan,KAZ,"Population, total",SP.POP.TOTL,18651931,18932727,19209555,19482117,19743603,20034609,20330104,20592571,20843754
Kazakhstan,KAZ,Poverty headcount ratio at $3.00 a day (2021 PPP) (% of population),SI.POV.DDAY,0.1,0.1,0.1,0,0,..,..,..,..
Kazakhstan,KAZ,Prevalence of moderate or severe food insecurity in the population (%),SN.ITK.MSFI.ZS,2.1,2.4,2.6,2.8,2.4,2.2,2,..,..
Kenya,KEN,"GDP per capita, PPP (current international $)",NY.GDP.PCAP.PP.CD,4177.24993580267,4411.56104120886,4687.37782325306,4792.57315847182,5338.85243382781,5882.29066433207,6322.24569873446,6649.67919174449,7015.93578839722
Kenya,KEN,"Population, total",SP.POP.TOTL,49197766,50207107,51202827,52217334,53219166,54252461,55339003,56432944,57532493
Kenya,KEN,Poverty headcount ratio at $3.00 a day (2021 PPP) (% of population),SI.POV.DDAY,..,..,..,44.4,46.4,45.5,..,..,..
Kenya,KEN,Prevalence of moderate or severe food insecurity in the population (%),SN.ITK.MSFI.ZS,60.9,64.4,67.7,69.5,72.3,72.8,73.9,..,..
Kiribati,KIR,"GDP per capita, PPP (current international $)",NY.GDP.PCAP.PP.CD,2561.14862522379,2669.39256773617,2761.74331450078,2715.27546461551,3024.21029665634,3349.59804202737,3526.6871592056,3728.03970809328,3936.61263730517
Kiribati,KIR,"Population, total",SP.POP.TOTL,120275,122084,123921,126099,128377,130469,132530,134518,136488
Kiribati,KIR,Poverty headcount ratio at $3.00 a day (2021 PPP) (% of population),SI.POV.DDAY,..,..,6.1,..,..,..,0.9,..,..
Kiribati,KIR,Prevalence of moderate or severe food insecurity in the population (%),SN.ITK.MSFI.ZS,..,41,41,41,41,41.9,42.9,..,..
"Korea, Dem. People's Rep.",PRK,"GDP per capita, PPP (current international $)",NY.GDP.PCAP.PP.CD,..,..,..,..,..,..,..,..,..
"Korea, Dem. People's Rep.",PRK,"Population, total",SP.POP.TOTL,25817709,25931147,26037632,26136312,26232534,26328845,26418204,26498823,26571036
"Korea, Dem. People's Rep.",PRK,Poverty headcount ratio at $3.00 a day (2021 PPP) (% of population),SI.POV.DDAY,..,..,..,..,..,..,..,..,..
"Korea, Dem. People's Rep.",PRK,Prevalence of moderate or severe food insecurity in the population (%),SN.ITK.MSFI.ZS,..,..,..,..,..,..,..,..,..
"Korea, Rep.",KOR,"GDP per capita, PPP (current international $)",NY.GDP.PCAP.PP.CD,43155.9100867658,45511.0803506331,46511.2196957018,47881.4921344193,51718.2518656631,55509.3368761174,57429.8031076402,61051.3492502498,63124.9152183625
"Korea, Rep.",KOR,"Population, total",SP.POP.TOTL,51361911,51585058,51764822,51836239,51769539,51672569,51712619,51751065,51684564
"Korea, Rep.",KOR,Poverty headcount ratio at $3.00 a day (2021 PPP) (% of population),SI.POV.DDAY,0.2,0.2,0.2,0.1,0.1,..,..,..,..
"Korea, Rep.",KOR,Prevalence of moderate or severe food insecurity in the population (%),SN.ITK.MSFI.ZS,5.4,5.2,5.1,5.3,5.6,5.7,5.4,..,..
Kosovo,XKX,"GDP per capita, PPP (current international $)",NY.GDP.PCAP.PP.CD,9380.94007290057,10018.7387080811,10861.0531745974,10532.5054692849,12362.4210181213,13948.6857891476,15817.4329388361,17890.3600994298,19263.3268800963
Kosovo,XKX,"Population, total",SP.POP.TOTL,1791019,1797086,1788891,1790151,1786079,1768096,1682668,1594353,1576876
Kosovo,XKX,Poverty headcount ratio at $3.00 a day (2021 PPP) (% of population),SI.POV.DDAY,15.2,20.7,11.3,16.8,25,10,..,..,..
Kosovo,XKX,Prevalence of moderate or severe food insecurity in the population (%),SN.ITK.MSFI.ZS,..,..,..,..,..,..,..,..,..
Kuwait,KWT,"GDP per capita, PPP (current international $)",NY.GDP.PCAP.PP.CD,46565.5499504554,51370.7320595252,50703.0001343301,41461.7235642777,50651.9575337091,55034.2790289403,53083.3848600632,53119.3783662664,56467.7272075432
Kuwait,KWT,"Population, total",SP.POP.TOTL,4154812,4323515,4442316,4400267,4360865,4589643,4853420,4897263,4865298
Kuwait,KWT,Poverty headcount ratio at $3.00 a day (2021 PPP) (% of population),SI.POV.DDAY,..,..,..,..,..,..,..,..,..
Kuwait,KWT,Prevalence of moderate or severe food insecurity in the population (%),SN.ITK.MSFI.ZS,12.3,12.3,12.3,12.2,10.8,8.6,8.4,..,..
Kyrgyz Republic,KGZ,"GDP per capita, PPP (current international $)",NY.GDP.PCAP.PP.CD,4953.71755085199,4777.94175395575,5304.22758314405,5178.5619670404,5736.47883415154,6576.46977080639,7304.10137976789,8208.03081858011,9219.51443675205
Kyrgyz Republic,KGZ,"Population, total",SP.POP.TOTL,6306696,6444079,6590211,6726596,6851224,6975220,7099750,7221868,7343064
Kyrgyz Republic,KGZ,Poverty headcount ratio at $3.00 a day (2021 PPP) (% of population),SI.POV.DDAY,8.2,5.9,4.9,9.4,5.6,4.5,2.7,2.2,..
Kyrgyz Republic,KGZ,Prevalence of moderate or severe food insecurity in the population (%),SN.ITK.MSFI.ZS,6.3,6.3,6.4,6.6,6.9,7,..,..,..
Lao PDR,LAO,"GDP per capita, PPP (current international $)",NY.GDP.PCAP.PP.CD,7141.90652701767,7486.86452700433,7743.21906534261,7913.38660650276,8080.43553249923,8765.05131747163,9299.44710059913,9790.02538664409,10382.9990718948
Lao PDR,LAO,"Population, total",SP.POP.TOTL,7018147,7128045,7237636,7346533,7453194,7559007,7664993,7769819,7873046
Lao PDR,LAO,Poverty headcount ratio at $3.00 a day (2021 PPP) (% of population),SI.POV.DDAY,..,15.7,..,..,..,..,..,7.1,..
Lao PDR,LAO,Prevalence of moderate or severe food insecurity in the population (%),SN.ITK.MSFI.ZS,..,..,29.4,31.8,34.1,36.3,35.6,..,..
Late-demographic dividend,LTE,"GDP per capita, PPP (current international $)",NY.GDP.PCAP.PP.CD,16562.7921410844,17905.342700049,19218.2518104829,19505.7754934772,22189.7622837471,24507.588755014,26493.0363633708,28387.5107480613,30341.9195453314
Late-demographic dividend,LTE,"Population, total",SP.POP.TOTL,2285870134,2298394042,2308878047,2316152452,2320127658,2323799602,2326294294,2328876323,2330425681
Late-demographic dividend,LTE,Poverty headcount ratio at $3.00 a day (2021 PPP) (% of population),SI.POV.DDAY,..,..,..,..,..,..,..,..,..
Late-demographic dividend,LTE,Prevalence of moderate or severe food insecurity in the population (%),SN.ITK.MSFI.ZS,..,..,..,..,..,..,..,..,..
Latin America & Caribbean,LCN,"GDP per capita, PPP (current international $)",NY.GDP.PCAP.PP.CD,16199.364491975,16898.8640028537,17324.1729899166,16661.9080916866,18696.3210341683,20844.4102356927,22098.0252204992,23059.8669505445,23901.1707987798
Latin America & Caribbean,LCN,"Population, total",SP.POP.TOTL,630414986,635778081,640962372,645498187,649236092,653108131,657616519,662185614,666592570
Latin America & Caribbean,LCN,Poverty headcount ratio at $3.00 a day (2021 PPP) (% of population),SI.POV.DDAY,6.2,6.1,6.2,5.8,6.2,5,4.6,4.3,..
Latin America & Caribbean,LCN,Prevalence of moderate or severe food insecurity in the population (%),SN.ITK.MSFI.ZS,29.1658125,27.3980469,28.0012004,33.7087628,33.4180161,30.0444623,26.6843874,25.2033287,..
Latin America & Caribbean (excluding high income),LAC,"GDP per capita, PPP (current international $)",NY.GDP.PCAP.PP.CD,15597.769702594,16293.062992205,16684.388146346,16054.1366206643,17991.1283749974,20076.1307172179,21242.4747751205,22069.8710887458,22825.2477825485
Latin America & Caribbean (excluding high income),LAC,"Population, total",SP.POP.TOTL,592522502,597518751,602249777,606535582,610122057,613861839,618190397,622564181,626808315
Latin America & Caribbean (excluding high income),LAC,Poverty headcount ratio at $3.00 a day (2021 PPP) (% of population),SI.POV.DDAY,..,..,..,..,..,..,..,..,..
Latin America & Caribbean (excluding high income),LAC,Prevalence of moderate or severe food insecurity in the population (%),SN.ITK.MSFI.ZS,..,..,..,..,..,..,..,..,..
Latin America & the Caribbean (IDA & IBRD countries),TLA,"GDP per capita, PPP (current international $)",NY.GDP.PCAP.PP.CD,16139.0519900545,16835.0994009151,17246.6439522841,16583.0599942302,18609.1190317645,20743.0336304211,21989.4422117221,22938.8544443974,23773.0633533423
Latin America & the Caribbean (IDA & IBRD countries),TLA,"Population, total",SP.POP.TOTL,614776664,620274430,625467307,630051021,633862610,637837815,642397939,647003746,651467364
Latin America & the Caribbean (IDA & IBRD countries),TLA,Poverty headcount ratio at $3.00 a day (2021 PPP) (% of population),SI.POV.DDAY,..,..,..,..,..,..,..,..,..
Latin America & the Caribbean (IDA & IBRD countries),TLA,Prevalence of moderate or severe food insecurity in the population (%),SN.ITK.MSFI.ZS,28.6922775,26.9148667,27.5723813,33.2320303,33.1444654,29.6693943,26.2947685,24.8264895,..
Latvia,LVA,"GDP per capita, PPP (current international $)",NY.GDP.PCAP.PP.CD,25763.9907709703,29817.8047263182,32199.0960377091,32741.4207691987,36912.0130602161,40546.4638799692,42783.8260226567,43873.3777849582,46136.689377286
Latvia,LVA,"Population, total",SP.POP.TOTL,1942248,1927174,1913822,1900449,1884490,1879383,1883710,1866124,1847785
Latvia,LVA,Poverty headcount ratio at $3.00 a day (2021 PPP) (% of population),SI.POV.DDAY,1,0.6,0.3,0.5,0.5,0.4,0.4,..,..
Latvia,LVA,Prevalence of moderate or severe food insecurity in the population (%),SN.ITK.MSFI.ZS,9.4,9.5,10.2,9.4,9.3,10.2,11.2,..,..
Least developed countries: UN classification,LDC,"GDP per capita, PPP (current international $)",NY.GDP.PCAP.PP.CD,3024.93057589483,3246.95099345522,3443.68736951097,3497.11693341957,3723.8118415625,4093.48384874803,4289.01547703069,4468.51455719252,4685.23358097877
Least developed countries: UN classification,LDC,"Population, total",SP.POP.TOTL,1008260714,1032309742,1057170371,1082754466,1108233065,1133564482,1159744187,1186668913,1214167506
Least developed countries: UN classification,LDC,Poverty headcount ratio at $3.00 a day (2021 PPP) (% of population),SI.POV.DDAY,..,..,..,..,..,..,..,..,..
Least developed countries: UN classification,LDC,Prevalence of moderate or severe food insecurity in the population (%),SN.ITK.MSFI.ZS,52.6570337,52.0993219,52.918557,54.6588065,56.1053974,57.3426549,56.7773521,57.772271,..
Lebanon,LBN,"GDP per capita, PPP (current international $)",NY.GDP.PCAP.PP.CD,20963.8249472533,21985.4884702241,21710.4648750807,16259.7051312281,11599.7755083765,12290.8925567636,12585.1973845359,11917.4502960889,..
Lebanon,LBN,"Population, total",SP.POP.TOTL,6160128,5984119,5794594,5702398,5718122,5744489,5773493,5805962,5849421
Lebanon,LBN,Poverty headcount ratio at $3.00 a day (2021 PPP) (% of population),SI.POV.DDAY,..,..,..,..,..,5.8,..,..,..
Lebanon,LBN,Prevalence of moderate or severe food insecurity in the population (%),SN.ITK.MSFI.ZS,..,14.7,21.1,29.1,36.5,40.1,42.4,..,..
Lesotho,LSO,"GDP per capita, PPP (current international $)",NY.GDP.PCAP.PP.CD,2618.81820770145,2632.28775223004,2568.34114362719,2559.09776077846,2544.78249551214,2760.87343646139,2879.59482438145,3070.79580931865,3184.11725194709
Lesotho,LSO,"Population, total",SP.POP.TOTL,2157110,2183603,2209405,2235727,2261542,2286110,2311472,2337423,2363325
Lesotho,LSO,Poverty headcount ratio at $3.00 a day (2021 PPP) (% of population),SI.POV.DDAY,41.9,..,..,..,..,..,..,..,..
Lesotho,LSO,Prevalence of moderate or severe food insecurity in the population (%),SN.ITK.MSFI.ZS,..,49.7,50.6,52.3,54.8,57.4,59.9,..,..
Liberia,LBR,"GDP per capita, PPP (current international $)",NY.GDP.PCAP.PP.CD,1664.94481323565,1799.72751397748,1899.52200972855,1659.52109145991,1539.20892304674,1691.30467616419,1796.01250525501,1873.76133636244,1981.09483342188
Liberia,LBR,"Population, total",SP.POP.TOTL,4848925,4944726,5043721,5149463,5259323,5373294,5493031,5612817,5731206
Liberia,LBR,Poverty headcount ratio at $3.00 a day (2021 PPP) (% of population),SI.POV.DDAY,..,..,..,..,..,..,..,..,..
Liberia,LBR,Prevalence of moderate or severe food insecurity in the population (%),SN.ITK.MSFI.ZS,81,..,80.6,80.6,81.2,81,80.8,..,..
Libya,LBY,"GDP per capita, PPP (current international $)",NY.GDP.PCAP.PP.CD,18026.0187834008,18879.3151301984,16194.1082061146,10954.799045265,12641.5097714075,12264.4456986569,13858.4923072147,14324.5818697336,16521.3998152838
Libya,LBY,"Population, total",SP.POP.TOTL,6738770,6849055,6951033,7045399,7135175,7223805,7305659,7381023,7458555
Libya,LBY,Poverty headcount ratio at $3.00 a day (2021 PPP) (% of population),SI.POV.DDAY,..,..,..,..,..,..,..,..,..
Libya,LBY,Prevalence of moderate or severe food insecurity in the population (%),SN.ITK.MSFI.ZS,33.2,35.7,37.4,39.4,39.8,37.9,35.1,..,..
Liechtenstein,LIE,"GDP per capita, PPP (current international $)",NY.GDP.PCAP.PP.CD,..,..,..,..,..,..,..,..,..
Liechtenstein,LIE,"Population, total",SP.POP.TOTL,37962,38246,38563,38901,39182,39493,39846,40450,41024
Liechtenstein,LIE,Poverty headcount ratio at $3.00 a day (2021 PPP) (% of population),SI.POV.DDAY,..,..,..,..,..,..,..,..,..
Liechtenstein,LIE,Prevalence of moderate or severe food insecurity in the population (%),SN.ITK.MSFI.ZS,..,..,..,..,..,..,..,..,..
Lithuania,LTU,"GDP per capita, PPP (current international $)",NY.GDP.PCAP.PP.CD,31305.0436934372,36491.9385223689,40563.8304884555,41262.7276941725,45897.3715026327,50653.3394443751,52720.0689650863,55699.3734421294,56837.8067003598
Lithuania,LTU,"Population, total",SP.POP.TOTL,2842639,2819200,2811089,2810369,2808380,2831639,2871585,2888278,2888774
Lithuania,LTU,Poverty headcount ratio at $3.00 a day (2021 PPP) (% of population),SI.POV.DDAY,1.2,1,0.6,0.5,0.3,0.8,1.1,..,..
Lithuania,LTU,Prevalence of moderate or severe food insecurity in the population (%),SN.ITK.MSFI.ZS,12.3,10.7,11.3,9.8,8.4,6.1,6.5,..,..
Low & middle income,LMY,"GDP per capita, PPP (current international $)",NY.GDP.PCAP.PP.CD,9853.32966712243,10467.1783406202,11029.3134153796,11034.820011849,12281.3196390022,13642.9925221372,14678.6819432627,15561.275392703,16517.6822374018
Low & middle income,LMY,"Population, total",SP.POP.TOTL,6233470764,6311329885,6387395177,6460393883,6527758150,6590522389,6654784822,6722971301,6791684991
Low & middle income,LMY,Poverty headcount ratio at $3.00 a day (2021 PPP) (% of population),SI.POV.DDAY,14.3,13.4,13,13.8,13.7,13.1,12.7,12.5,..
Low & middle income,LMY,Prevalence of moderate or severe food insecurity in the population (%),SN.ITK.MSFI.ZS,..,..,..,..,..,..,..,..,..
Low income,LIC,"GDP per capita, PPP (current international $)",NY.GDP.PCAP.PP.CD,1932.58884990173,2001.57331274951,2069.67273834445,2081.01922060934,2217.86921809681,2396.78981484032,2453.46986852421,2547.25470760241,2711.53101277943
Low income,LIC,"Population, total",SP.POP.TOTL,616499860,633927417,652255298,670891024,689336827,707776045,727162058,747152629,767490169
Low income,LIC,Poverty headcount ratio at $3.00 a day (2021 PPP) (% of population),SI.POV.DDAY,50.6,..,..,52.6,53.4,52.6,52.9,..,..
Low income,LIC,Prevalence of moderate or severe food insecurity in the population (%),SN.ITK.MSFI.ZS,58.6172792,58.8284102,58.2609417,62.0008198,64.074366,64.520706,64.8954841,65.4427552,..
Lower middle income,LMC,"GDP per capita, PPP (current international $)",NY.GDP.PCAP.PP.CD,6252.65610737314,6691.05669354036,7106.74199743091,7078.0049062502,7838.34718454926,8825.03085606193,9525.68442771831,10166.1166022825,10941.9039439899
Lower middle income,LMC,"Population, total",SP.POP.TOTL,2650727446,2687882795,2724611683,2761575388,2797047001,2832445640,2869695351,2907379621,2945282634
Lower middle income,LMC,Poverty headcount ratio at $3.00 a day (2021 PPP) (% of population),SI.POV.DDAY,..,..,..,16,15.3,14.4,13.6,13.1,..
Lower middle income,LMC,Prevalence of moderate or severe food insecurity in the population (%),SN.ITK.MSFI.ZS,30.3879873,34.1483833,36.1227297,43.3817601,43.675744,42.5597143,42.761181,41.7657368,..
Luxembourg,LUX,"GDP per capita, PPP (current international $)",NY.GDP.PCAP.PP.CD,114985.842235989,116638.414163882,121371.73990307,122066.739147202,136772.443753292,146919.145398495,152596.126692093,156079.3685607,156542.075847247
Luxembourg,LUX,"Population, total",SP.POP.TOTL,596336,607950,620001,630419,640064,653103,666430,677012,686970
Luxembourg,LUX,Poverty headcount ratio at $3.00 a day (2021 PPP) (% of population),SI.POV.DDAY,0.3,0.3,0.1,0,0.1,0.1,0.1,..,..
Luxembourg,LUX,Prevalence of moderate or severe food insecurity in the population (%),SN.ITK.MSFI.ZS,3.3,3.3,3.1,2.8,2.7,2.6,2.6,..,..
"Macao SAR, China",MAC,"GDP per capita, PPP (current international $)",NY.GDP.PCAP.PP.CD,120774.963080752,129457.998600118,126029.622371097,57077.5325705099,73374.4486829589,64183.3559914099,116424.421317954,127144.298137913,137030.679100085
"Macao SAR, China",MAC,"Population, total",SP.POP.TOTL,648400,658900,672000,685400,682500,677300,678800,687000,685900
"Macao SAR, China",MAC,Poverty headcount ratio at $3.00 a day (2021 PPP) (% of population),SI.POV.DDAY,..,..,..,..,..,..,..,..,..
"Macao SAR, China",MAC,Prevalence of moderate or severe food insecurity in the population (%),SN.ITK.MSFI.ZS,..,..,..,..,..,..,..,..,..
Madagascar,MDG,"GDP per capita, PPP (current international $)",NY.GDP.PCAP.PP.CD,1546.88001890817,1546.59563549795,1612.29772715626,1490.32312839072,1577.43246056529,1716.40079421689,1810.09891584306,1888.66403175151,1952.48426903369
Madagascar,MDG,"Population, total",SP.POP.TOTL,26788375,27494926,28219554,28953556,29691083,30437261,31195932,31964956,32740678
Madagascar,MDG,Poverty headcount ratio at $3.00 a day (2021 PPP) (% of population),SI.POV.DDAY,..,..,..,..,69.2,..,..,..,..
Madagascar,MDG,Prevalence of moderate or severe food insecurity in the population (%),SN.ITK.MSFI.ZS,..,58,59.6,61.1,64.9,68.6,72.6,..,..
Malawi,MWI,"GDP per capita, PPP (current international $)",NY.GDP.PCAP.PP.CD,1380.23263621737,1363.79445595088,1450.01008064784,1513.45990803344,1687.59358179651,1778.02399491871,1831.97332483901,1860.31534523381,1899.29166528127
Malawi,MWI,"Population, total",SP.POP.TOTL,18039715,18528081,19025752,19533888,20047258,20568728,21104482,21655286,22216120
Malawi,MWI,Poverty headcount ratio at $3.00 a day (2021 PPP) (% of population),SI.POV.DDAY,..,..,75.4,..,..,..,..,..,..
Malawi,MWI,Prevalence of moderate or severe food insecurity in the population (%),SN.ITK.MSFI.ZS,80.3,78.8,79.9,81.3,82.4,81.7,81.7,..,..
Malaysia,MYS,"GDP per capita, PPP (current international $)",NY.GDP.PCAP.PP.CD,26415.5960203287,27793.5674222948,28933.928297233,27474.7361378236,29822.8491831618,34414.4136245222,36496.9483630681,38835.6013146653,41497.6746089548
Malaysia,MYS,"Population, total",SP.POP.TOTL,32355644,32910967,33440596,33889558,34282399,34695493,35126298,35557673,35977838
Malaysia,MYS,Poverty headcount ratio at $3.00 a day (2021 PPP) (% of population),SI.POV.DDAY,..,0,..,..,0,..,..,..,..
Malaysia,MYS,Prevalence of moderate or severe food insecurity in the population (%),SN.ITK.MSFI.ZS,15.1,15.1,14.9,15.4,16,16.7,16.7,..,..
Maldives,MDV,"GDP per capita, PPP (current international $)",NY.GDP.PCAP.PP.CD,19767.8893613468,21899.4292993843,23077.2112236652,13425.3674459601,19052.6224904311,22876.8862033838,24806.6325837081,26220.8078173473,28554.8945669737
Maldives,MDV,"Population, total",SP.POP.TOTL,458287,473099,487731,502118,516154,524106,525994,527799,529676
Maldives,MDV,Poverty headcount ratio at $3.00 a day (2021 PPP) (% of population),SI.POV.DDAY,..,..,0,..,..,..,..,..,..
Maldives,MDV,Prevalence of moderate or severe food insecurity in the population (%),SN.ITK.MSFI.ZS,..,..,13.4,13.4,13.4,13.4,..,..,..
Mali,MLI,"GDP per capita, PPP (current international $)",NY.GDP.PCAP.PP.CD,2606.69607954141,2684.41122026577,2819.86582297259,2723.70094784441,2796.22793795431,3013.94334673825,3178.41515939915,3321.57614442921,3502.76132351788
Mali,MLI,"Population, total",SP.POP.TOTL,19813011,20442030,21068405,21713836,22388630,23072640,23769127,24478595,25198821
Mali,MLI,Poverty headcount ratio at $3.00 a day (2021 PPP) (% of population),SI.POV.DDAY,..,29.4,..,..,36.1,..,..,..,..
Mali,MLI,Prevalence of moderate or severe food insecurity in the population (%),SN.ITK.MSFI.ZS,25.9,25.2,23.9,21.9,20.6,20,20.6,..,..
Malta,MLT,"GDP per capita, PPP (current international $)",NY.GDP.PCAP.PP.CD,45763.6968096243,48178.5049931669,51392.5014263659,49971.8904481582,56823.9958525022,60623.0076694404,67101.1037962636,70062.9017440762,72210.3392223985
Malta,MLT,"Population, total",SP.POP.TOTL,467106,483903,503912,515490,518150,531113,552747,568847,579704
Malta,MLT,Poverty headcount ratio at $3.00 a day (2021 PPP) (% of population),SI.POV.DDAY,0.2,0.2,0.3,0.4,0.1,0.1,0.4,..,..
Malta,MLT,Prevalence of moderate or severe food insecurity in the population (%),SN.ITK.MSFI.ZS,5,4.3,4.4,5.2,7.2,8.2,9.2,..,..
Marshall Islands,MHL,"GDP per capita, PPP (current international $)",NY.GDP.PCAP.PP.CD,4719.31304912625,5232.20524867928,6045.06240783364,6137.93436122421,6768.82579129624,7431.2014968892,7525.1504555076,8237.95897993999,8964.32212870807
Marshall Islands,MHL,"Population, total",SP.POP.TOTL,46529,45285,44007,42706,41367,40077,38827,37548,36282
Marshall Islands,MHL,Poverty headcount ratio at $3.00 a day (2021 PPP) (% of population),SI.POV.DDAY,..,..,2.1,..,..,..,..,..,..
Marshall Islands,MHL,Prevalence of moderate or severe food insecurity in the population (%),SN.ITK.MSFI.ZS,..,..,..,..,..,..,..,..,..
Mauritania,MRT,"GDP per capita, PPP (current international $)",NY.GDP.PCAP.PP.CD,5353.06608810409,5429.23223059784,5610.13236713892,5740.73959690131,5836.56580821897,6483.80020315347,6971.65100210032,7379.45422386145,7675.51996658445
Mauritania,MRT,"Population, total",SP.POP.TOTL,4210600,4337685,4467708,4600131,4734874,4875637,5022441,5169395,5315065
Mauritania,MRT,Poverty headcount ratio at $3.00 a day (2021 PPP) (% of population),SI.POV.DDAY,..,..,10.2,..,..,..,..,..,..
Mauritania,MRT,Prevalence of moderate or severe food insecurity in the population (%),SN.ITK.MSFI.ZS,32.3,35.9,41.2,45.3,53.7,61.2,66.3,..,..
Mauritius,MUS,"GDP per capita, PPP (current international $)",NY.GDP.PCAP.PP.CD,22897.9700922103,23415.5237589118,24374.7818286567,21621.5971225157,23010.2013826906,26783.5527116445,29402.9391464973,31696.7381226145,33666.64355884
Mauritius,MUS,"Population, total",SP.POP.TOTL,1264887,1265577,1265985,1266014,1266334,1262523,1248647,1245779,1243741
Mauritius,MUS,Poverty headcount ratio at $3.00 a day (2021 PPP) (% of population),SI.POV.DDAY,0.5,..,..,..,..,..,..,..,..
Mauritius,MUS,Prevalence of moderate or severe food insecurity in the population (%),SN.ITK.MSFI.ZS,18.5,20.7,24.2,28.2,32,31.2,31.1,..,..
Mexico,MEX,"GDP per capita, PPP (current international $)",NY.GDP.PCAP.PP.CD,20488.715079135,20921.4775294879,20964.2774863762,19354.1248682138,20782.5877440905,23135.4931593441,25188.3182559609,25820.3527960242,25868.4787520629
Mexico,MEX,"Population, total",SP.POP.TOTL,123400057,124573711,125762982,126799054,127648148,128613117,129739759,130861007,131946900
Mexico,MEX,Poverty headcount ratio at $3.00 a day (2021 PPP) (% of population),SI.POV.DDAY,..,3.9,..,4.3,..,2.3,..,1.6,..
Mexico,MEX,Prevalence of moderate or severe food insecurity in the population (%),SN.ITK.MSFI.ZS,23,23.8,25.3,25.5,23.5,20.7,19.3,..,..
"Micronesia, Fed. Sts.",FSM,"GDP per capita, PPP (current international $)",NY.GDP.PCAP.PP.CD,3483.25006151113,3563.60005687114,3741.7086219508,3692.79209583749,3955.73141317971,4087.19316400156,4266.72631824787,4452.31995062055,4604.39540764468
"Micronesia, Fed. Sts.",FSM,"Population, total",SP.POP.TOTL,109481,109909,110282,110916,111624,112114,112630,113160,113683
"Micronesia, Fed. Sts.",FSM,Poverty headcount ratio at $3.00 a day (2021 PPP) (% of population),SI.POV.DDAY,..,..,..,..,..,..,..,..,..
"Micronesia, Fed. Sts.",FSM,Prevalence of moderate or severe food insecurity in the population (%),SN.ITK.MSFI.ZS,..,..,..,..,..,..,..,..,..
"Middle East, North Africa, Afghanistan & Pakistan",MEA,"GDP per capita, PPP (current international $)",NY.GDP.PCAP.PP.CD,12291.2967053183,12979.5651648011,12993.5487745863,12317.4334238378,13587.0461822659,15209.8028931552,15835.6934912997,16325.7848019477,16920.6041192154
"Middle East, North Africa, Afghanistan & Pakistan",MEA,"Population, total",SP.POP.TOTL,718887744,730362334,742714463,756405281,767578451,782349366,797801454,813173936,828025185
"Middle East, North Africa, Afghanistan & Pakistan",MEA,Poverty headcount ratio at $3.00 a day (2021 PPP) (% of population),SI.POV.DDAY,11.1,11.1,11.6,12.6,13.4,13.5,13.9,14.4,..
"Middle East, North Africa, Afghanistan & Pakistan",MEA,Prevalence of moderate or severe food insecurity in the population (%),SN.ITK.MSFI.ZS,27.4742041,29.2811057,28.5632121,38.0163011,40.3141013,39.7771721,39.805801,40.123337,..
"Middle East, North Africa, Afghanistan & Pakistan (excluding high income)",MNA,"GDP per capita, PPP (current international $)",NY.GDP.PCAP.PP.CD,8422.84811875949,8758.88619048046,8778.03575397246,8908.77995047244,9431.95407996758,10392.539527173,10901.0467534385,11251.4824664853,11613.8367941991
"Middle East, North Africa, Afghanistan & Pakistan (excluding high income)",MNA,"Population, total",SP.POP.TOTL,656767614,668447432,680490997,692532027,704458802,716508657,729077445,741690916,753903407
"Middle East, North Africa, Afghanistan & Pakistan (excluding high income)",MNA,Poverty headcount ratio at $3.00 a day (2021 PPP) (% of population),SI.POV.DDAY,..,..,..,..,..,..,..,..,..
"Middle East, North Africa, Afghanistan & Pakistan (excluding high income)",MNA,Prevalence of moderate or severe food insecurity in the population (%),SN.ITK.MSFI.ZS,..,..,..,..,..,..,..,..,..
"Middle East, North Africa, Afghanistan & Pakistan (IDA & IBRD)",TMN,"GDP per capita, PPP (current international $)",NY.GDP.PCAP.PP.CD,8439.42507416986,8777.18379304779,8794.54554024921,8930.22848745875,9459.39324551382,10423.5410952844,10935.8526423683,11299.4554855773,11663.1088560566
"Middle East, North Africa, Afghanistan & Pakistan (IDA & IBRD)",TMN,"Population, total",SP.POP.TOTL,652312809,663878345,675805691,687728758,699536053,711465045,723911670,736401764,748489811
"Middle East, North Africa, Afghanistan & Pakistan (IDA & IBRD)",TMN,Poverty headcount ratio at $3.00 a day (2021 PPP) (% of population),SI.POV.DDAY,..,..,..,..,..,..,..,..,..
"Middle East, North Africa, Afghanistan & Pakistan (IDA & IBRD)",TMN,Prevalence of moderate or severe food insecurity in the population (%),SN.ITK.MSFI.ZS,28.294987,30.2749411,29.5202851,39.9251654,42.5581073,42.2296246,42.2825544,42.7526159,..
Middle income,MIC,"GDP per capita, PPP (current international $)",NY.GDP.PCAP.PP.CD,10729.0911624779,11419.0517766851,12055.2305751237,12079.8107551627,13477.1480288886,15004.3015492181,16185.7324491801,17196.0137583471,18286.062189255
Middle income,MIC,"Population, total",SP.POP.TOTL,5616970904,5677402468,5735139879,5789502859,5838421323,5882746344,5927622764,5975818672,6024194822
Middle income,MIC,Poverty headcount ratio at $3.00 a day (2021 PPP) (% of population),SI.POV.DDAY,..,..,..,..,..,..,..,..,..
Middle income,MIC,Prevalence of moderate or severe food insecurity in the population (%),SN.ITK.MSFI.ZS,..,..,..,..,..,..,..,..,..
Moldova,MDA,"GDP per capita, PPP (current international $)",NY.GDP.PCAP.PP.CD,11252.1135465283,11868.1955463223,13413.2232935126,13527.4413130967,15682.0703284653,16442.1034354056,17750.5576656772,18661.6606470212,19995.7590923995
Moldova,MDA,"Population, total",SP.POP.TOTL,2755189,2707203,2664224,2635130,2595809,2528654,2457783,2402306,2360527
Moldova,MDA,Poverty headcount ratio at $3.00 a day (2021 PPP) (% of population),SI.POV.DDAY,0.1,0,0,0,0.2,0,0.1,..,..
Moldova,MDA,Prevalence of moderate or severe food insecurity in the population (%),SN.ITK.MSFI.ZS,24.6,27.5,27.2,24.9,23.5,24.7,25.1,..,..
Monaco,MCO,"GDP per capita, PPP (current international $)",NY.GDP.PCAP.PP.CD,..,..,..,..,..,..,..,..,..
Monaco,MCO,"Population, total",SP.POP.TOTL,37678,38154,38109,38050,38527,38931,38956,38631,38341
Monaco,MCO,Poverty headcount ratio at $3.00 a day (2021 PPP) (% of population),SI.POV.DDAY,..,..,..,..,..,..,..,..,..
Monaco,MCO,Prevalence of moderate or severe food insecurity in the population (%),SN.ITK.MSFI.ZS,..,..,..,..,..,..,..,..,..
Mongolia,MNG,"GDP per capita, PPP (current international $)",NY.GDP.PCAP.PP.CD,11096.0375604239,12317.4824277695,13604.978943194,13693.179806943,14792.2509086422,16399.3900820069,18019.6912274585,19172.5295870282,20797.7652692242
Mongolia,MNG,"Population, total",SP.POP.TOTL,3148917,3208189,3267673,3327204,3383741,3433748,3481145,3524788,3568978
Mongolia,MNG,Poverty headcount ratio at $3.00 a day (2021 PPP) (% of population),SI.POV.DDAY,..,1.7,..,..,..,0.4,..,..,..
Mongolia,MNG,Prevalence of moderate or severe food insecurity in the population (%),SN.ITK.MSFI.ZS,..,..,6.8,6.2,5.5,4.9,4.8,..,..
Montenegro,MNE,"GDP per capita, PPP (current international $)",NY.GDP.PCAP.PP.CD,19356.6672508566,21083.6815338423,23705.3800229705,20624.7887553398,23689.9791090651,28049.7293227735,31862.873635118,34062.8241865953,35422.6449824931
Montenegro,MNE,"Population, total",SP.POP.TOTL,625982,626438,626753,626590,625053,623591,623529,623525,623129
Montenegro,MNE,Poverty headcount ratio at $3.00 a day (2021 PPP) (% of population),SI.POV.DDAY,4.6,3.9,2.5,2.2,2.5,..,..,..,..
Montenegro,MNE,Prevalence of moderate or severe food insecurity in the population (%),SN.ITK.MSFI.ZS,12,12.9,13.5,14,12.9,12.3,10.4,..,..
Morocco,MAR,"GDP per capita, PPP (current international $)",NY.GDP.PCAP.PP.CD,8115.12060546875,7801.0986328125,8046.22900390625,7704.84912109375,8623.265625,9308.556640625,9902.8056640625,10430.2490234375,11111.7080078125
Morocco,MAR,"Population, total",SP.POP.TOTL,35446392,35839760,36210898,36584208,36954442,37329064,37712505,38081173,38430770
Morocco,MAR,Poverty headcount ratio at $3.00 a day (2021 PPP) (% of population),SI.POV.DDAY,..,..,..,..,..,..,..,..,..
Morocco,MAR,Prevalence of moderate or severe food insecurity in the population (%),SN.ITK.MSFI.ZS,..,..,..,..,..,..,..,..,..
Mozambique,MOZ,"GDP per capita, PPP (current international $)",NY.GDP.PCAP.PP.CD,1282.74965991801,1325.58695568953,1388.79707034446,1411.62040229911,1457.23540930922,1581.76710168717,1680.20873445078,1708.3035966667,1697.94109338132
Mozambique,MOZ,"Population, total",SP.POP.TOTL,28166393,29018644,29884380,30783688,31707800,32656246,33635160,34631766,35631653
Mozambique,MOZ,Poverty headcount ratio at $3.00 a day (2021 PPP) (% of population),SI.POV.DDAY,..,..,81.6,..,..,81.4,..,..,..
Mozambique,MOZ,Prevalence of moderate or severe food insecurity in the population (%),SN.ITK.MSFI.ZS,..,..,..,..,..,..,..,..,..
Myanmar,MMR,"GDP per capita, PPP (current international $)",NY.GDP.PCAP.PP.CD,4706.43248949598,5581.2769545815,6101.37245765709,5740.99045843992,5178.44718217164,5731.02947916374,5958.26424874022,6006.17514543646,6011.53492175516
Myanmar,MMR,"Population, total",SP.POP.TOTL,51894938,52272247,52640713,53016522,53387102,53756787,54133798,54500091,54850648
Myanmar,MMR,Poverty headcount ratio at $3.00 a day (2021 PPP) (% of population),SI.POV.DDAY,10.3,..,..,..,..,..,..,..,..
Myanmar,MMR,Prevalence of moderate or severe food insecurity in the population (%),SN.ITK.MSFI.ZS,..,..,22.2,25.5,29.3,32,32.7,..,..
Namibia,NAM,"GDP per capita, PPP (current international $)",NY.GDP.PCAP.PP.CD,9887.9393548255,9853.73533646074,9609.48555672874,9354.13136713077,9709.09930646771,10661.0118776397,11247.8071969605,11697.9201596588,11985.7200318677
Namibia,NAM,"Population, total",SP.POP.TOTL,2506853,2577327,2650494,2728762,2810548,2889662,2963095,3030131,3092816
Namibia,NAM,Poverty headcount ratio at $3.00 a day (2021 PPP) (% of population),SI.POV.DDAY,..,..,..,..,..,..,..,..,..
Namibia,NAM,Prevalence of moderate or severe food insecurity in the population (%),SN.ITK.MSFI.ZS,55.3,56.5,57.6,57.9,57.7,56.8,55.9,..,..
Naoero,NRU,"GDP per capita, PPP (current international $)",NY.GDP.PCAP.PP.CD,9650.31890022601,9657.26073559414,10554.5218533653,10812.6428193461,12113.787764494,12874.2258577781,13171.9554999008,13612.0368416276,14200.486778198
Naoero,NRU,"Population, total",SP.POP.TOTL,11324,11477,11587,11643,11709,11801,11875,11947,12025
Naoero,NRU,Poverty headcount ratio at $3.00 a day (2021 PPP) (% of population),SI.POV.DDAY,..,..,..,..,..,..,..,..,..
Naoero,NRU,Prevalence of moderate or severe food insecurity in the population (%),SN.ITK.MSFI.ZS,..,..,..,29.9,29.9,29.9,..,..,..
Nepal,NPL,"GDP per capita, PPP (current international $)",NY.GDP.PCAP.PP.CD,3604.70825949747,3956.12461094443,4260.67373190851,4235.57462326905,4546.22970006289,5102.18358728663,5399.65505811688,5745.64525192255,6175.15897150244
Nepal,NPL,"Population, total",SP.POP.TOTL,28011258,28079689,28414064,28966574,29475010,29715436,29694614,29651054,29618118
Nepal,NPL,Poverty headcount ratio at $3.00 a day (2021 PPP) (% of population),SI.POV.DDAY,..,..,..,..,..,2.4,..,..,..
Nepal,NPL,Prevalence of moderate or severe food insecurity in the population (%),SN.ITK.MSFI.ZS,31.6,33.8,36.4,37.8,37.4,37,36.6,..,..
Netherlands,NLD,"GDP per capita, PPP (current international $)",NY.GDP.PCAP.PP.CD,56037.567993606,58819.2609142584,62345.2538465433,62596.6302027524,68573.5648786447,78630.3599072098,80391.6029350952,85218.3689343246,87320.1477254029
Netherlands,NLD,"Population, total",SP.POP.TOTL,17131296,17231624,17344874,17441500,17533044,17700982,17877117,17993485,18087633
Netherlands,NLD,Poverty headcount ratio at $3.00 a day (2021 PPP) (% of population),SI.POV.DDAY,0.2,0.1,0.1,0,0.1,..,..,..,..
Netherlands,NLD,Prevalence of moderate or severe food insecurity in the population (%),SN.ITK.MSFI.ZS,5.1,5.1,4.6,4.4,4.5,5.5,7.5,..,..
New Caledonia,NCL,"GDP per capita, PPP (current international $)",NY.GDP.PCAP.PP.CD,..,..,..,..,..,..,..,..,..
New Caledonia,NCL,"Population, total",SP.POP.TOTL,283546,283541,283606,284176,285214,287123,289870,292639,295333
New Caledonia,NCL,Poverty headcount ratio at $3.00 a day (2021 PPP) (% of population),SI.POV.DDAY,..,..,..,..,..,..,..,..,..
New Caledonia,NCL,Prevalence of moderate or severe food insecurity in the population (%),SN.ITK.MSFI.ZS,..,..,..,..,..,..,..,..,..
New Zealand,NZL,"GDP per capita, PPP (current international $)",NY.GDP.PCAP.PP.CD,42205.9071706198,42475.2252680795,45295.8241222088,45574.965884882,48202.0913368233,54080.0485491723,54949.699278118,55793.9990422226,57350.3627657521
New Zealand,NZL,"Population, total",SP.POP.TOTL,4813600,4900600,4970300,5072400,5084600,5081700,5200000,5290000,5324700
New Zealand,NZL,Poverty headcount ratio at $3.00 a day (2021 PPP) (% of population),SI.POV.DDAY,..,..,..,..,..,..,..,..,..
New Zealand,NZL,Prevalence of moderate or severe food insecurity in the population (%),SN.ITK.MSFI.ZS,13.3,13.9,14,14.5,15.1,16.4,17.3,..,..
Nicaragua,NIC,"GDP per capita, PPP (current international $)",NY.GDP.PCAP.PP.CD,6225.34702574846,5935.16693631386,5981.10876431466,6274.09456741388,7119.16874782601,7795.45560731699,8326.83840449159,8720.86923379042,9283.92301511154
Nicaragua,NIC,"Population, total",SP.POP.TOTL,6316231,6400080,6483657,6565267,6644741,6730654,6823613,6916140,7007502
Nicaragua,NIC,Poverty headcount ratio at $3.00 a day (2021 PPP) (% of population),SI.POV.DDAY,..,..,..,..,..,..,..,..,..
Nicaragua,NIC,Prevalence of moderate or severe food insecurity in the population (%),SN.ITK.MSFI.ZS,..,..,..,..,..,..,..,..,..
Niger,NER,"GDP per capita, PPP (current international $)",NY.GDP.PCAP.PP.CD,1226.9587833573,1272.37841849427,1367.56106521216,1486.34386700631,1587.84784907329,1847.58034360869,1902.69710752042,2044.04904937758,2177.25014417163
Niger,NER,"Population, total",SP.POP.TOTL,21435446,22188069,22947757,23717613,24502140,25311973,26159867,27032412,27917831
Niger,NER,Poverty headcount ratio at $3.00 a day (2021 PPP) (% of population),SI.POV.DDAY,..,59,..,..,60.5,..,..,..,..
Niger,NER,Prevalence of moderate or severe food insecurity in the population (%),SN.ITK.MSFI.ZS,50,50,50.1,50.2,50.2,50.3,50.9,..,..
Nigeria,NGA,"GDP per capita, PPP (current international $)",NY.GDP.PCAP.PP.CD,7036.67414358958,7158.17107558117,7551.39380361669,7414.77495538401,7588.47885587002,8303.64193191685,8711.68686099289,9099.86943863676,9531.61073275049
Nigeria,NGA,"Population, total",SP.POP.TOTL,200254579,204938755,209485641,213996181,218529286,223150896,227882945,232679478,237527782
Nigeria,NGA,Poverty headcount ratio at $3.00 a day (2021 PPP) (% of population),SI.POV.DDAY,..,34.2,..,..,..,41.8,..,..,..
Nigeria,NGA,Prevalence of moderate or severe food insecurity in the population (%),SN.ITK.MSFI.ZS,42.8,47.1,53.5,62.9,69.7,73.9,74.8,..,..
North America,NAC,"GDP per capita, PPP (current international $)",NY.GDP.PCAP.PP.CD,58871.9709502921,61572.5551251195,63726.4244981566,62835.859730555,69953.4846892959,76573.2242678601,80719.1784418153,83936.752895039,87503.8500858099
North America,NAC,"Population, total",SP.POP.TOTL,363217262,365666028,367908829,369671124,370404678,373011185,376868838,381330762,383501065
North America,NAC,Poverty headcount ratio at $3.00 a day (2021 PPP) (% of population),SI.POV.DDAY,1.1,1,0.9,0.3,0.3,1.2,1.1,0.9,..
North America,NAC,Prevalence of moderate or severe food insecurity in the population (%),SN.ITK.MSFI.ZS,8.599784,8.0058642,7.6244955,8.2665296,7.5393429,9.7103548,10.4259698,10.6894827,..
North Macedonia,MKD,"GDP per capita, PPP (current international $)",NY.GDP.PCAP.PP.CD,17161.0354680695,18460.5440872584,20222.4719203634,19962.153035286,22144.1924252732,24212.3733096953,25354.144126576,26995.5213483235,28028.5664230631
North Macedonia,MKD,"Population, total",SP.POP.TOTL,1898657,1889051,1876262,1856124,1837114,1831712,1827816,1824359,1820909
North Macedonia,MKD,Poverty headcount ratio at $3.00 a day (2021 PPP) (% of population),SI.POV.DDAY,5.6,4.3,3.9,..,..,..,..,..,..
North Macedonia,MKD,Prevalence of moderate or severe food insecurity in the population (%),SN.ITK.MSFI.ZS,14.3,14.4,17.7,20.9,24,20.2,15.2,..,..
Northern Mariana Islands,MNP,"GDP per capita, PPP (current international $)",NY.GDP.PCAP.PP.CD,..,..,..,..,..,..,..,..,..
Northern Mariana Islands,MNP,"Population, total",SP.POP.TOTL,49959,49077,48129,47528,46979,46078,45143,44278,43541
Northern Mariana Islands,MNP,Poverty headcount ratio at $3.00 a day (2021 PPP) (% of population),SI.POV.DDAY,..,..,..,..,..,..,..,..,..
Northern Mariana Islands,MNP,Prevalence of moderate or severe food insecurity in the population (%),SN.ITK.MSFI.ZS,..,..,..,..,..,..,..,..,..
Norway,NOR,"GDP per capita, PPP (current international $)",NY.GDP.PCAP.PP.CD,66828.7790099243,72618.1053391628,73630.0721860814,69779.2862630574,92205.7698636049,129914.042717786,107767.977198972,105657.0339185,104043.666429243
Norway,NOR,"Population, total",SP.POP.TOTL,5276968,5311916,5347896,5379475,5408320,5457127,5519601,5572279,5610870
Norway,NOR,Poverty headcount ratio at $3.00 a day (2021 PPP) (% of population),SI.POV.DDAY,0.3,0.3,0.2,0.3,0.2,0.3,0.2,..,..
Norway,NOR,Prevalence of moderate or severe food insecurity in the population (%),SN.ITK.MSFI.ZS,4.8,4.8,4.1,4.3,5.2,6.8,7.8,..,..
Not classified,INX,"GDP per capita, PPP (current international $)",NY.GDP.PCAP.PP.CD,..,..,..,..,..,..,..,..,..
Not classified,INX,"Population, total",SP.POP.TOTL,..,..,..,..,..,..,..,..,..
Not classified,INX,Poverty headcount ratio at $3.00 a day (2021 PPP) (% of population),SI.POV.DDAY,..,..,..,..,..,..,..,..,..
Not classified,INX,Prevalence of moderate or severe food insecurity in the population (%),SN.ITK.MSFI.ZS,..,..,..,..,..,..,..,..,..
OECD members,OED,"GDP per capita, PPP (current international $)",NY.GDP.PCAP.PP.CD,43837.9941397017,45552.1691703746,47570.5817937553,46740.8086032469,51208.8336430486,57187.962137387,60110.0117808511,62344.5282358954,64192.5290195702
OECD members,OED,"Population, total",SP.POP.TOTL,1348125258,1356197538,1364143219,1369306579,1371780402,1378591781,1387846131,1396826761,1402243571
OECD members,OED,Poverty headcount ratio at $3.00 a day (2021 PPP) (% of population),SI.POV.DDAY,..,..,..,..,..,..,..,..,..
OECD members,OED,Prevalence of moderate or severe food insecurity in the population (%),SN.ITK.MSFI.ZS,..,..,..,..,..,..,..,..,..
Oman,OMN,"GDP per capita, PPP (current international $)",NY.GDP.PCAP.PP.CD,33619.4988982607,37780.3308327271,37250.6110788359,35163.3281781415,38719.4587682049,42609.5810436221,41979.5975879711,41800.7841364086,42295.1761223734
Oman,OMN,"Population, total",SP.POP.TOTL,4537396,4597877,4591241,4522497,4500424,4730226,5049269,5281538,5494691
Oman,OMN,Poverty headcount ratio at $3.00 a day (2021 PPP) (% of population),SI.POV.DDAY,..,..,..,..,..,..,..,..,..
Oman,OMN,Prevalence of moderate or severe food insecurity in the population (%),SN.ITK.MSFI.ZS,..,..,..,..,..,..,..,..,..
Other small states,OSS,"GDP per capita, PPP (current international $)",NY.GDP.PCAP.PP.CD,19691.3798753284,20741.7433269318,22412.7863144945,21325.8197228572,23632.4052569572,26366.0682220046,28078.9991073003,29435.9436697315,30603.52331318
Other small states,OSS,"Population, total",SP.POP.TOTL,11989367,12135267,12281907,12417333,12541889,12699005,12822134,12931878,13034928
Other small states,OSS,Poverty headcount ratio at $3.00 a day (2021 PPP) (% of population),SI.POV.DDAY,..,..,..,..,..,..,..,..,..
Other small states,OSS,Prevalence of moderate or severe food insecurity in the population (%),SN.ITK.MSFI.ZS,..,..,..,..,..,..,..,..,..
Pacific island small states,PSS,"GDP per capita, PPP (current international $)",NY.GDP.PCAP.PP.CD,7000.92315451758,7139.03071502657,7165.90094273522,6252.22494912732,6133.27337662878,7180.81206636261,7936.59949609073,8326.23496459608,8735.40490937936
Pacific island small states,PSS,"Population, total",SP.POP.TOTL,2509999,2542009,2568656,2595522,2625493,2656049,2689224,2722467,2755649
Pacific island small states,PSS,Poverty headcount ratio at $3.00 a day (2021 PPP) (% of population),SI.POV.DDAY,..,..,..,..,..,..,..,..,..
Pacific island small states,PSS,Prevalence of moderate or severe food insecurity in the population (%),SN.ITK.MSFI.ZS,..,..,..,..,..,..,..,..,..
Pakistan,PAK,"GDP per capita, PPP (current international $)",NY.GDP.PCAP.PP.CD,4789.53646557553,4979.3734961655,5037.53401559745,5048.0213062963,5367.27364714762,5919.33605935593,6018.94650802152,6263.186935403,6573.41613369925
Pakistan,PAK,"Population, total",SP.POP.TOTL,223273967,226928892,230800899,235001746,239477801,243700667,247504495,251269164,255219554
Pakistan,PAK,Poverty headcount ratio at $3.00 a day (2021 PPP) (% of population),SI.POV.DDAY,..,16.5,..,..,..,..,..,23,..
Pakistan,PAK,Prevalence of moderate or severe food insecurity in the population (%),SN.ITK.MSFI.ZS,12.8,14.2,24.3,32.6,41,41.7,42.1,..,..
Palau,PLW,"GDP per capita, PPP (current international $)",NY.GDP.PCAP.PP.CD,17872.9168958861,18203.969912435,18576.7451553901,17701.5330429975,16312.190220013,17415.0224611906,18313.2535592192,21059.1347141726,23051.6787122681
Palau,PLW,"Population, total",SP.POP.TOTL,17812,17814,17798,17792,17783,17759,17727,17695,17663
Palau,PLW,Poverty headcount ratio at $3.00 a day (2021 PPP) (% of population),SI.POV.DDAY,..,..,..,..,..,..,..,..,..
Palau,PLW,Prevalence of moderate or severe food insecurity in the population (%),SN.ITK.MSFI.ZS,..,..,..,..,..,28.1,28.1,..,..
Panama,PAN,"GDP per capita, PPP (current international $)",NY.GDP.PCAP.PP.CD,33533.3260079329,32463.540359127,33239.7332311641,27017.0033688951,30932.7627780514,36327.3867449699,39846.2245506562,41429.5092511481,43902.1632084954
Panama,PAN,"Population, total",SP.POP.TOTL,4098707,4167860,4234700,4293261,4345405,4400773,4458759,4515577,4571189
Panama,PAN,Poverty headcount ratio at $3.00 a day (2021 PPP) (% of population),SI.POV.DDAY,4.3,3.7,2.9,..,3.3,..,3.7,3.1,..
Panama,PAN,Prevalence of moderate or severe food insecurity in the population (%),SN.ITK.MSFI.ZS,..,..,..,..,..,..,..,..,..
Papua New Guinea,PNG,"GDP per capita, PPP (current international $)",NY.GDP.PCAP.PP.CD,3923.17197669347,3909.91572972608,4059.82860203125,3900.18920976888,3977.44297360749,4419.49434920144,4672.27238740885,4886.53186994995,5214.768271628
Papua New Guinea,PNG,"Population, total",SP.POP.TOTL,9178714,9394513,9609010,9815746,10012896,10203169,10389635,10576502,10762817
Papua New Guinea,PNG,Poverty headcount ratio at $3.00 a day (2021 PPP) (% of population),SI.POV.DDAY,..,..,..,..,..,..,..,..,..
Papua New Guinea,PNG,Prevalence of moderate or severe food insecurity in the population (%),SN.ITK.MSFI.ZS,57.3,57.3,57.3,..,..,..,..,..,..
Paraguay,PRY,"GDP per capita, PPP (current international $)",NY.GDP.PCAP.PP.CD,13977.3427788651,14139.0931267561,14149.5985227505,14308.8787738328,15400.9446332428,16305.6206649067,17585.0746806625,18631.6436164051,20181.4242826808
Paraguay,PRY,"Population, total",SP.POP.TOTL,6338660,6427382,6515058,6603739,6684182,6760464,6844146,6929153,7013078
Paraguay,PRY,Poverty headcount ratio at $3.00 a day (2021 PPP) (% of population),SI.POV.DDAY,2.4,3.1,2.4,2.6,1.9,3.2,2.4,2.1,..
Paraguay,PRY,Prevalence of moderate or severe food insecurity in the population (%),SN.ITK.MSFI.ZS,15.6,21.3,24,25.3,25.9,26.2,..,..,..
Peru,PER,"GDP per capita, PPP (current international $)",NY.GDP.PCAP.PP.CD,12591.8562879234,13078.2323503405,13563.5372933551,12563.3038060893,15285.7706852395,16673.6937563476,17041.5682788302,17881.8685833242,18816.1045522938
Peru,PER,"Population, total",SP.POP.TOTL,31324637,31897584,32449303,32838579,33155882,33475438,33845617,34217848,34576665
Peru,PER,Poverty headcount ratio at $3.00 a day (2021 PPP) (% of population),SI.POV.DDAY,7.3,6.1,5.4,10.3,5.2,4.8,5.9,5.1,..
Peru,PER,Prevalence of moderate or severe food insecurity in the population (%),SN.ITK.MSFI.ZS,35,35.7,36.9,38.9,41.6,42.5,41,..,..
Philippines,PHL,"GDP per capita, PPP (current international $)",NY.GDP.PCAP.PP.CD,7773.79853599024,8357.74357934219,8924.10116402887,8238.36802037457,8857.78995115514,10129.7407504053,10994.8840414773,11813.805926453,12576.9867435109
Philippines,PHL,"Population, total",SP.POP.TOTL,108119693,109465287,110804683,112081264,113100950,113964338,114891199,115843670,116786962
Philippines,PHL,Poverty headcount ratio at $3.00 a day (2021 PPP) (% of population),SI.POV.DDAY,..,8.3,..,..,8.1,..,5.3,..,..
Philippines,PHL,Prevalence of moderate or severe food insecurity in the population (%),SN.ITK.MSFI.ZS,..,41.2,42.7,40.1,37.4,33.2,32.9,..,..
Poland,POL,"GDP per capita, PPP (current international $)",NY.GDP.PCAP.PP.CD,30170.2818974087,32345.1066076225,35882.3655065553,37089.3004256812,41059.5847829682,46777.5524519162,48473.0940286419,51262.5105756884,54262.4040405236
Poland,POL,"Population, total",SP.POP.TOTL,37974826,37974750,37965475,37515748,36981559,36821749,36687353,36559233,36435861
Poland,POL,Poverty headcount ratio at $3.00 a day (2021 PPP) (% of population),SI.POV.DDAY,0.4,0.3,0.1,0.2,0.1,0.3,0.2,..,..
Poland,POL,Prevalence of moderate or severe food insecurity in the population (%),SN.ITK.MSFI.ZS,5.3,4.3,5.8,7.4,7.6,5.5,3.4,..,..
Portugal,PRT,"GDP per capita, PPP (current international $)",NY.GDP.PCAP.PP.CD,32970.8395386562,34896.7993382974,37865.5603564295,35966.712796561,38657.6677223429,45250.0152469537,49800.3476220918,52512.5651003677,53145.7317498942
Portugal,PRT,"Population, total",SP.POP.TOTL,10300300,10283822,10286263,10297081,10361831,10434332,10578174,10694681,10804871
Portugal,PRT,Poverty headcount ratio at $3.00 a day (2021 PPP) (% of population),SI.POV.DDAY,0.4,0.4,0.2,0.6,0.3,0.2,0.4,..,..
Portugal,PRT,Prevalence of moderate or severe food insecurity in the population (%),SN.ITK.MSFI.ZS,11.6,10.7,11.5,11.6,12.4,12.3,11.9,..,..
Post-demographic dividend,PST,"GDP per capita, PPP (current international $)",NY.GDP.PCAP.PP.CD,47917.2002572694,49962.2979159075,52370.2542762053,51537.373786735,56629.4428654399,62753.8932833714,66141.2204578245,68602.7221788617,70762.8697352539
Post-demographic dividend,PST,"Population, total",SP.POP.TOTL,1107159559,1111104033,1114895817,1117003860,1116578102,1117420833,1121263972,1128299339,1132621782
Post-demographic dividend,PST,Poverty headcount ratio at $3.00 a day (2021 PPP) (% of population),SI.POV.DDAY,..,..,..,..,..,..,..,..,..
Post-demographic dividend,PST,Prevalence of moderate or severe food insecurity in the population (%),SN.ITK.MSFI.ZS,..,..,..,..,..,..,..,..,..
Pre-demographic dividend,PRE,"GDP per capita, PPP (current international $)",NY.GDP.PCAP.PP.CD,3989.14375352913,4176.86774565947,4352.82966303927,4218.05030973207,4513.80668611347,4928.85608108048,5104.66442026997,5273.74958372838,5479.27016520918
Pre-demographic dividend,PRE,"Population, total",SP.POP.TOTL,919835947,945516605,971459360,997742595,1024018110,1050180429,1077143557,1104843110,1133132223
Pre-demographic dividend,PRE,Poverty headcount ratio at $3.00 a day (2021 PPP) (% of population),SI.POV.DDAY,..,..,..,..,..,..,..,..,..
Pre-demographic dividend,PRE,Prevalence of moderate or severe food insecurity in the population (%),SN.ITK.MSFI.ZS,..,..,..,..,..,..,..,..,..
Puerto Rico (US),PRI,"GDP per capita, PPP (current international $)",NY.GDP.PCAP.PP.CD,31866.6160571769,33706.5915157959,36217.7204390287,36858.5972898583,40559.226188957,45320.1718585525,47582.5504550609,50332.9848222477,52195.5534213472
Puerto Rico (US),PRI,"Population, total",SP.POP.TOTL,3410837,3290690,3302691,3281591,3262731,3220148,3203794,3202521,3184835
Puerto Rico (US),PRI,Poverty headcount ratio at $3.00 a day (2021 PPP) (% of population),SI.POV.DDAY,..,..,..,..,..,..,..,..,..
Puerto Rico (US),PRI,Prevalence of moderate or severe food insecurity in the population (%),SN.ITK.MSFI.ZS,..,..,..,..,..,..,..,..,..
Qatar,QAT,"GDP per capita, PPP (current international $)",NY.GDP.PCAP.PP.CD,99358.3403307696,110032.713236323,107502.469793988,82149.3573751713,116832.570294098,122901.018274888,129024.806992334,126712.582876079,128882.934242572
Qatar,QAT,"Population, total",SP.POP.TOTL,2545820,2580734,2638657,2794148,2504910,2657333,2656032,2857822,2972215
Qatar,QAT,Poverty headcount ratio at $3.00 a day (2021 PPP) (% of population),SI.POV.DDAY,0,..,..,..,..,..,..,..,..
Qatar,QAT,Prevalence of moderate or severe food insecurity in the population (%),SN.ITK.MSFI.ZS,..,..,..,..,..,..,..,..,..
Romania,ROU,"GDP per capita, PPP (current international $)",NY.GDP.PCAP.PP.CD,26943.28718432,29382.8866943611,33425.1219389628,34193.845654499,37534.0002643549,41979.4260140907,45981.6373404846,49076.7137157187,50895.081617639
Romania,ROU,"Population, total",SP.POP.TOTL,19588715,19473970,19371648,19265250,19122059,19048502,19061062,19051804,19020271
Romania,ROU,Poverty headcount ratio at $3.00 a day (2021 PPP) (% of population),SI.POV.DDAY,4.9,3.7,3.1,2.4,2,1.5,0.7,..,..
Romania,ROU,Prevalence of moderate or severe food insecurity in the population (%),SN.ITK.MSFI.ZS,14.7,14.5,13.9,13.4,16.2,19.1,18.6,..,..
Russian Federation,RUS,"GDP per capita, PPP (current international $)",NY.GDP.PCAP.PP.CD,25777.904296875,28628.5625,30963.853515625,31490.8046875,38638.4296875,40932.71484375,44298.67578125,47686.06640625,49568.140625
Russian Federation,RUS,"Population, total",SP.POP.TOTL,145293260,145398106,145453291,145245148,144746762,144236933,143826130,143669648,143513328
Russian Federation,RUS,Poverty headcount ratio at $3.00 a day (2021 PPP) (% of population),SI.POV.DDAY,0.4,0.2,0.3,0.1,0.2,0.1,0.1,..,..
Russian Federation,RUS,Prevalence of moderate or severe food insecurity in the population (%),SN.ITK.MSFI.ZS,7.9,7.1,6,5.5,4.8,3.6,2.8,..,..
Rwanda,RWA,"GDP per capita, PPP (current international $)",NY.GDP.PCAP.PP.CD,1949.12266322999,2128.1982397276,2374.40565682007,2355.13640819609,2776.39276387923,3195.28136566525,3518.91850615405,3784.9629495071,4164.436605809
Rwanda,RWA,"Population, total",SP.POP.TOTL,12202060,12487996,12776103,13065837,13355260,13651030,13954471,14256567,14569341
Rwanda,RWA,Poverty headcount ratio at $3.00 a day (2021 PPP) (% of population),SI.POV.DDAY,..,..,..,..,..,..,38.6,..,..
Rwanda,RWA,Prevalence of moderate or severe food insecurity in the population (%),SN.ITK.MSFI.ZS,..,..,..,..,..,..,..,..,..
Samoa,WSM,"GDP per capita, PPP (current international $)",NY.GDP.PCAP.PP.CD,6280.2150045934,6318.2697728872,6638.1845475197,6451.76442222677,6350.92787033711,6908.96157777708,8202.61231371824,8750.62541028446,9318.95775945515
Samoa,WSM,"Population, total",SP.POP.TOTL,205415,207582,209780,211944,213779,215261,216663,218019,219306
Samoa,WSM,Poverty headcount ratio at $3.00 a day (2021 PPP) (% of population),SI.POV.DDAY,..,..,..,..,..,..,..,..,..
Samoa,WSM,Prevalence of moderate or severe food insecurity in the population (%),SN.ITK.MSFI.ZS,23.6,23.2,22.5,21.4,20.4,19.3,18.6,..,..
San Marino,SMR,"GDP per capita, PPP (current international $)",NY.GDP.PCAP.PP.CD,52463.4195514851,54460.9066545652,57444.1206392397,55206.5809417073,64745.1322795901,75929.4591270254,78810.3378046111,..,..
San Marino,SMR,"Population, total",SP.POP.TOTL,33825,34522,34663,34770,34252,33755,33860,33977,34109
San Marino,SMR,Poverty headcount ratio at $3.00 a day (2021 PPP) (% of population),SI.POV.DDAY,..,..,..,..,..,..,..,..,..
San Marino,SMR,Prevalence of moderate or severe food insecurity in the population (%),SN.ITK.MSFI.ZS,..,..,..,..,..,..,..,..,..
Sao Tome and Principe,STP,"GDP per capita, PPP (current international $)",NY.GDP.PCAP.PP.CD,3436.31010124694,3941.03280858409,4655.48496449805,5144.53560286014,5732.69456061536,6032.7249522726,6155.05042011344,6274.34741942922,6388.47738664299
Sao Tome and Principe,STP,"Population, total",SP.POP.TOTL,206970,210187,213392,217435,221961,226305,230871,235536,240254
Sao Tome and Principe,STP,Poverty headcount ratio at $3.00 a day (2021 PPP) (% of population),SI.POV.DDAY,13,..,..,..,..,..,..,..,..
Sao Tome and Principe,STP,Prevalence of moderate or severe food insecurity in the population (%),SN.ITK.MSFI.ZS,..,..,..,54.6,54.6,54.6,..,..,..
Saudi Arabia,SAU,"GDP per capita, PPP (current international $)",NY.GDP.PCAP.PP.CD,53120.4572456269,59377.8025368768,59560.2537904546,47518.4877485153,62690.4966645929,71956.6694296826,71623.785419098,71936.2510663399,73783.5613906833
Saudi Arabia,SAU,"Population, total",SP.POP.TOTL,30977355,30196281,30063799,31552510,30784383,32175224,33702731,35300280,36973555
Saudi Arabia,SAU,Poverty headcount ratio at $3.00 a day (2021 PPP) (% of population),SI.POV.DDAY,..,..,..,..,..,..,..,..,..
Saudi Arabia,SAU,Prevalence of moderate or severe food insecurity in the population (%),SN.ITK.MSFI.ZS,..,..,..,..,..,..,..,..,..
Senegal,SEN,"GDP per capita, PPP (current international $)",NY.GDP.PCAP.PP.CD,3229.51026655477,3380.21596529445,3647.95137357242,3752.91947490817,4173.67741399617,4529.50264399113,4781.55234083159,5097.24318834766,5463.21828561328
Senegal,SEN,"Population, total",SP.POP.TOTL,15475002,15914498,16352922,16789219,17220867,17651103,18077573,18501984,18931966
Senegal,SEN,Poverty headcount ratio at $3.00 a day (2021 PPP) (% of population),SI.POV.DDAY,..,19.1,..,..,17.9,..,..,..,..
Senegal,SEN,Prevalence of moderate or severe food insecurity in the population (%),SN.ITK.MSFI.ZS,35.8,35.1,33.3,31.6,30.3,29.4,29.1,..,..
Serbia,SRB,"GDP per capita, PPP (current international $)",NY.GDP.PCAP.PP.CD,17285.4135238265,18469.1042989985,20587.2567440786,21013.0562995823,23406.3065657117,26142.9143111159,29776.9743496564,32832.274492238,33909.7605745332
Serbia,SRB,"Population, total",SP.POP.TOTL,7020858,6982604,6945235,6899126,6834326,6664449,6623183,6586476,6549143
Serbia,SRB,Poverty headcount ratio at $3.00 a day (2021 PPP) (% of population),SI.POV.DDAY,6.6,4.2,2.7,2,1.7,2,1.1,..,..
Serbia,SRB,Prevalence of moderate or severe food insecurity in the population (%),SN.ITK.MSFI.ZS,12.5,12.5,12,14.1,14.8,13,9.5,..,..
Seychelles,SYC,"GDP per capita, PPP (current international $)",NY.GDP.PCAP.PP.CD,30674.6487335442,32091.2988657346,34219.061370118,31055.9442055039,29979.8272686091,29215.6725189214,31893.9628108379,33339.491987317,35854.0281615068
Seychelles,SYC,"Population, total",SP.POP.TOTL,95843,96762,97625,98462,99258,119878,119773,121354,122730
Seychelles,SYC,Poverty headcount ratio at $3.00 a day (2021 PPP) (% of population),SI.POV.DDAY,..,0.7,..,..,..,..,..,..,..
Seychelles,SYC,Prevalence of moderate or severe food insecurity in the population (%),SN.ITK.MSFI.ZS,14.3,..,..,..,..,..,..,..,..
Sierra Leone,SLE,"GDP per capita, PPP (current international $)",NY.GDP.PCAP.PP.CD,2501.4531554482,2640.47566787646,2704.05835704649,2719.0728691734,2849.38865839009,3143.46625292281,3371.09351712436,3527.42124292431,3716.89410482498
Sierra Leone,SLE,"Population, total",SP.POP.TOTL,7379299,7554563,7731991,7912558,8094602,8276807,8460512,8642022,8819794
Sierra Leone,SLE,Poverty headcount ratio at $3.00 a day (2021 PPP) (% of population),SI.POV.DDAY,..,41.5,..,..,..,..,..,..,..
Sierra Leone,SLE,Prevalence of moderate or severe food insecurity in the population (%),SN.ITK.MSFI.ZS,83,83,85.3,86.7,89.2,88.6,89.8,..,..
Singapore,SGP,"GDP per capita, PPP (current international $)",NY.GDP.PCAP.PP.CD,96056.7007948924,104198.419110899,105521.619340296,102117.449503559,133990.186782104,144417.646950009,144728.385132013,153161.175431382,163353.990260152
Singapore,SGP,"Population, total",SP.POP.TOTL,5612253,5638676,5703569,5685807,5453566,5637022,5917648,6036860,6111175
Singapore,SGP,Poverty headcount ratio at $3.00 a day (2021 PPP) (% of population),SI.POV.DDAY,..,..,..,..,..,..,..,..,..
Singapore,SGP,Prevalence of moderate or severe food insecurity in the population (%),SN.ITK.MSFI.ZS,4.1,4.7,4.5,4.6,6.6,7.7,9.5,..,..
Sint Maarten (Dutch part),SXM,"GDP per capita, PPP (current international $)",NY.GDP.PCAP.PP.CD,44479.2967076826,41653.2008964784,45715.6970519376,38901.4867603712,40507.0672411717,48752.9549877316,51729.2528621078,53846.7442635227,56490.5015205836
Sint Maarten (Dutch part),SXM,"Population, total",SP.POP.TOTL,38996,39712,40385,41008,41571,42139,42749,43350,43923
Sint Maarten (Dutch part),SXM,Poverty headcount ratio at $3.00 a day (2021 PPP) (% of population),SI.POV.DDAY,..,..,..,..,..,..,..,..,..
Sint Maarten (Dutch part),SXM,Prevalence of moderate or severe food insecurity in the population (%),SN.ITK.MSFI.ZS,..,..,..,..,..,..,..,..,..
Slovak Republic,SVK,"GDP per capita, PPP (current international $)",NY.GDP.PCAP.PP.CD,30245.7825869756,31509.8187291635,33985.6758419661,35327.9439165588,38330.302743447,41529.408474315,45864.6125430469,47846.6169154961,49308.7048471448
Slovak Republic,SVK,"Population, total",SP.POP.TOTL,5439232,5446771,5454147,5458827,5447247,5431752,5426740,5422069,5413813
Slovak Republic,SVK,Poverty headcount ratio at $3.00 a day (2021 PPP) (% of population),SI.POV.DDAY,0.6,0.5,0.2,0.3,0.3,0.7,0.5,..,..
Slovak Republic,SVK,Prevalence of moderate or severe food insecurity in the population (%),SN.ITK.MSFI.ZS,5,5,6,7.7,8.3,9,7.5,..,..
Slovenia,SVN,"GDP per capita, PPP (current international $)",NY.GDP.PCAP.PP.CD,36180.0384547624,38620.2045436305,42373.2506369279,41767.2579899957,45922.6632600134,52322.1405997493,56150.6852244867,57570.5904042272,59244.7106359661
Slovenia,SVN,"Population, total",SP.POP.TOTL,2066388,2073894,2088385,2102419,2108079,2112076,2120461,2127400,2130986
Slovenia,SVN,Poverty headcount ratio at $3.00 a day (2021 PPP) (% of population),SI.POV.DDAY,0,0,0,0,0,0,0,..,..
Slovenia,SVN,Prevalence of moderate or severe food insecurity in the population (%),SN.ITK.MSFI.ZS,11.2,10.2,8.2,7.4,7,7.9,8.2,..,..
Small states,SST,"GDP per capita, PPP (current international $)",NY.GDP.PCAP.PP.CD,18258.768305634,19049.4199396395,20323.7922400186,19051.8795832025,21262.5948218682,24383.6349520917,26458.0570471367,28670.4071711442,30378.738821689
Small states,SST,"Population, total",SP.POP.TOTL,18865506,19084934,19293697,19472157,19646549,19852364,20031262,20193405,20347135
Small states,SST,Poverty headcount ratio at $3.00 a day (2021 PPP) (% of population),SI.POV.DDAY,..,..,..,..,..,..,..,..,..
Small states,SST,Prevalence of moderate or severe food insecurity in the population (%),SN.ITK.MSFI.ZS,29.4841842,28.9165558,29.955716,31.3584458,31.9117121,31.7568767,31.9904301,32.2653104,..
Solomon Islands,SLB,"GDP per capita, PPP (current international $)",NY.GDP.PCAP.PP.CD,2454.04671907288,2493.97675735682,2512.01387970749,2405.69259474986,2450.18399709553,2496.15153066833,2599.03676008376,2679.1210283533,2787.61656406214
Solomon Islands,SLB,"Population, total",SP.POP.TOTL,685672,709101,728147,744498,762591,781066,800005,819198,838645
Solomon Islands,SLB,Poverty headcount ratio at $3.00 a day (2021 PPP) (% of population),SI.POV.DDAY,..,..,..,..,..,..,..,..,..
Solomon Islands,SLB,Prevalence of moderate or severe food insecurity in the population (%),SN.ITK.MSFI.ZS,..,..,..,..,..,..,..,..,..
"Somalia, Fed. Rep.",SOM,"GDP per capita, PPP (current international $)",NY.GDP.PCAP.PP.CD,1596.81409178022,1551.52773977473,1548.27250940098,1454.26711848855,1392.31782053371,1486.23689665021,1556.89233845758,1604.29116285918,1642.77032278186
"Somalia, Fed. Rep.",SOM,"Population, total",SP.POP.TOTL,14916629,15452487,16030971,16651191,17271431,17801897,18358615,19009151,19654739
"Somalia, Fed. Rep.",SOM,Poverty headcount ratio at $3.00 a day (2021 PPP) (% of population),SI.POV.DDAY,..,..,..,..,..,..,..,..,..
"Somalia, Fed. Rep.",SOM,Prevalence of moderate or severe food insecurity in the population (%),SN.ITK.MSFI.ZS,..,..,..,..,79.5,..,..,..,..
South Africa,ZAF,"GDP per capita, PPP (current international $)",NY.GDP.PCAP.PP.CD,13738.4385854596,13347.3634826038,13361.4851289112,12671.0862436851,13681.9548144813,14746.7103701698,15212.2609596178,15478.6456794969,15905.6794419658
South Africa,ZAF,"Population, total",SP.POP.TOTL,57635162,58613001,59587885,60562381,61502603,62378410,63212384,64007187,64747319
South Africa,ZAF,Poverty headcount ratio at $3.00 a day (2021 PPP) (% of population),SI.POV.DDAY,..,..,..,..,..,17.4,..,..,..
South Africa,ZAF,Prevalence of moderate or severe food insecurity in the population (%),SN.ITK.MSFI.ZS,..,17.4,18.2,19,19.2,20,20.7,..,..
South Asia,SAS,"GDP per capita, PPP (current international $)",NY.GDP.PCAP.PP.CD,5925.07961165666,6482.04601810231,6910.69627919166,6796.23874125937,7815.21278442871,8899.31392332671,9771.04591690011,10594.5335959681,11562.1850810909
South Asia,SAS,"Population, total",SP.POP.TOTL,1572520427,1589164714,1605412986,1621073417,1634785356,1648009565,1662580579,1677384532,1692252900
South Asia,SAS,Poverty headcount ratio at $3.00 a day (2021 PPP) (% of population),SI.POV.DDAY,..,..,..,9.4,7.9,6.1,4.7,3.8,..
South Asia,SAS,Prevalence of moderate or severe food insecurity in the population (%),SN.ITK.MSFI.ZS,27.0493647,32.7743554,35.7425604,42.9226682,41.153189,39.2897727,39.283127,36.7095006,..
South Asia (IDA & IBRD),TSA,"GDP per capita, PPP (current international $)",NY.GDP.PCAP.PP.CD,5925.07961165666,6482.04601810231,6910.69627919166,6796.23874125937,7815.21278442871,8899.31392332671,9771.04591690011,10594.5335959681,11562.1850810909
South Asia (IDA & IBRD),TSA,"Population, total",SP.POP.TOTL,1572520427,1589164714,1605412986,1621073417,1634785356,1648009565,1662580579,1677384532,1692252900
South Asia (IDA & IBRD),TSA,Poverty headcount ratio at $3.00 a day (2021 PPP) (% of population),SI.POV.DDAY,..,..,..,..,..,..,..,..,..
South Asia (IDA & IBRD),TSA,Prevalence of moderate or severe food insecurity in the population (%),SN.ITK.MSFI.ZS,27.0493647,32.7743554,35.7425604,42.9226682,41.153189,39.2897727,39.283127,36.7095006,..
South Sudan,SSD,"GDP per capita, PPP (current international $)",NY.GDP.PCAP.PP.CD,..,..,..,..,..,..,..,..,..
South Sudan,SSD,"Population, total",SP.POP.TOTL,10259154,10122977,10423384,10698467,10865780,11021177,11483374,11943408,12188788
South Sudan,SSD,Poverty headcount ratio at $3.00 a day (2021 PPP) (% of population),SI.POV.DDAY,..,..,..,..,..,..,..,..,..
South Sudan,SSD,Prevalence of moderate or severe food insecurity in the population (%),SN.ITK.MSFI.ZS,85.1,84.9,85.7,86.4,87.3,87.3,88.1,..,..
Spain,ESP,"GDP per capita, PPP (current international $)",NY.GDP.PCAP.PP.CD,39825.2498116292,41015.1565755187,44042.757577336,39327.8479269599,44251.6658222621,51482.523634807,55661.317481747,58063.7350840487,59867.6944716701
Spain,ESP,"Population, total",SP.POP.TOTL,46571232,46782011,47118501,47359424,47443821,47786102,48352528,48848840,49355143
Spain,ESP,Poverty headcount ratio at $3.00 a day (2021 PPP) (% of population),SI.POV.DDAY,0.8,1,0.9,1.1,0.7,0.8,0.8,..,..
Spain,ESP,Prevalence of moderate or severe food insecurity in the population (%),SN.ITK.MSFI.ZS,7.5,8.6,8.8,8.6,8,6.9,6.5,..,..
Sri Lanka,LKA,"GDP per capita, PPP (current international $)",NY.GDP.PCAP.PP.CD,13610.4723136277,14178.0225361835,14112.9525042604,12940.9043296014,14316.1352225567,14191.4051912109,14512.1432202455,15701.0907191253,17065.0298635432
Sri Lanka,LKA,"Population, total",SP.POP.TOTL,21453000,21670000,21803000,21919000,22156000,22181000,22037000,21916000,21756000
Sri Lanka,LKA,Poverty headcount ratio at $3.00 a day (2021 PPP) (% of population),SI.POV.DDAY,..,..,2.7,..,..,..,..,..,..
Sri Lanka,LKA,Prevalence of moderate or severe food insecurity in the population (%),SN.ITK.MSFI.ZS,6.5,7.6,8.9,10,10.9,11.4,11.2,..,..
St. Kitts and Nevis,KNA,"GDP per capita, PPP (current international $)",NY.GDP.PCAP.PP.CD,29578.6311625727,30794.8986482634,32482.094417215,27326.036057423,26896.6177065978,31865.8304697944,34007.6371717125,34897.2104637487,36777.262691657
St. Kitts and Nevis,KNA,"Population, total",SP.POP.TOTL,47050,47008,46952,46870,46763,46709,46758,46843,46922
St. Kitts and Nevis,KNA,Poverty headcount ratio at $3.00 a day (2021 PPP) (% of population),SI.POV.DDAY,..,..,..,..,..,..,..,..,..
St. Kitts and Nevis,KNA,Prevalence of moderate or severe food insecurity in the population (%),SN.ITK.MSFI.ZS,..,21.1,21.1,21.1,..,..,..,..,..
St. Lucia,LCA,"GDP per capita, PPP (current international $)",NY.GDP.PCAP.PP.CD,16130.9721097011,17433.3010328737,18662.8504698815,15135.6187398708,19141.3272253168,24433.7034481087,26253.9280339233,28116.7677870924,28673.8437920214
St. Lucia,LCA,"Population, total",SP.POP.TOTL,176342,177017,177661,178250,178522,178781,179285,179744,180149
St. Lucia,LCA,Poverty headcount ratio at $3.00 a day (2021 PPP) (% of population),SI.POV.DDAY,..,..,..,..,..,..,..,..,..
St. Lucia,LCA,Prevalence of moderate or severe food insecurity in the population (%),SN.ITK.MSFI.ZS,22.2,..,..,..,..,..,..,..,..
St. Martin (French part),MAF,"GDP per capita, PPP (current international $)",NY.GDP.PCAP.PP.CD,..,..,..,..,..,..,..,..,..
St. Martin (French part),MAF,"Population, total",SP.POP.TOTL,36837,36012,34267,31786,29961,28870,27515,26129,24941
St. Martin (French part),MAF,Poverty headcount ratio at $3.00 a day (2021 PPP) (% of population),SI.POV.DDAY,..,..,..,..,..,..,..,..,..
St. Martin (French part),MAF,Prevalence of moderate or severe food insecurity in the population (%),SN.ITK.MSFI.ZS,..,..,..,..,..,..,..,..,..
St. Vincent and the Grenadines,VCT,"GDP per capita, PPP (current international $)",NY.GDP.PCAP.PP.CD,13575.4319769513,14689.8500710886,15339.5560281064,15336.5987771764,16200.8994597845,18032.4150562634,19836.205036664,21302.9730252553,22799.4005332261
St. Vincent and the Grenadines,VCT,"Population, total",SP.POP.TOTL,105663,104926,104167,103526,102841,102046,101323,100616,99924
St. Vincent and the Grenadines,VCT,Poverty headcount ratio at $3.00 a day (2021 PPP) (% of population),SI.POV.DDAY,..,..,..,..,..,..,..,..,..
St. Vincent and the Grenadines,VCT,Prevalence of moderate or severe food insecurity in the population (%),SN.ITK.MSFI.ZS,33.3,33.3,33.3,..,..,..,..,..,..
Sub-Saharan Africa,SSF,"GDP per capita, PPP (current international $)",NY.GDP.PCAP.PP.CD,4328.54321994519,4322.1640935143,4490.30405465511,4403.53684898304,4702.40563604418,5116.63828770479,5321.71824656475,5525.75233957231,5785.99485616741
Sub-Saharan Africa,SSF,"Population, total",SP.POP.TOTL,1080208893,1109196428,1138472475,1168133785,1198069722,1228187451,1258809472,1289936286,1321654217
Sub-Saharan Africa,SSF,Poverty headcount ratio at $3.00 a day (2021 PPP) (% of population),SI.POV.DDAY,44.6,44.1,43.9,46,46.2,45.7,45.6,45.1,..
Sub-Saharan Africa,SSF,Prevalence of moderate or severe food insecurity in the population (%),SN.ITK.MSFI.ZS,..,..,..,..,..,..,..,..,..
Sub-Saharan Africa (excluding high income),SSA,"GDP per capita, PPP (current international $)",NY.GDP.PCAP.PP.CD,4326.20517226218,4319.74082132637,4487.75384887465,4401.29051079121,4700.31298645118,5114.2870977928,5319.19071695846,5523.13654766133,5783.20341637366
Sub-Saharan Africa (excluding high income),SSA,"Population, total",SP.POP.TOTL,1080113050,1109099666,1138374850,1168035323,1197970464,1228067573,1258689699,1289814932,1321531487
Sub-Saharan Africa (excluding high income),SSA,Poverty headcount ratio at $3.00 a day (2021 PPP) (% of population),SI.POV.DDAY,..,..,..,..,..,..,..,..,..
Sub-Saharan Africa (excluding high income),SSA,Prevalence of moderate or severe food insecurity in the population (%),SN.ITK.MSFI.ZS,..,..,..,..,..,..,..,..,..
Sub-Saharan Africa (IDA & IBRD countries),TSS,"GDP per capita, PPP (current international $)",NY.GDP.PCAP.PP.CD,4328.54321994519,4322.1640935143,4490.30405465511,4403.53684898304,4702.40563604418,5116.63828770479,5321.71824656475,5525.75233957231,5785.99485616742
Sub-Saharan Africa (IDA & IBRD countries),TSS,"Population, total",SP.POP.TOTL,1080208893,1109196428,1138472475,1168133785,1198069722,1228187451,1258809472,1289936286,1321654217
Sub-Saharan Africa (IDA & IBRD countries),TSS,Poverty headcount ratio at $3.00 a day (2021 PPP) (% of population),SI.POV.DDAY,..,..,..,..,..,..,..,..,..
Sub-Saharan Africa (IDA & IBRD countries),TSS,Prevalence of moderate or severe food insecurity in the population (%),SN.ITK.MSFI.ZS,..,..,..,..,..,..,..,..,..
Sudan,SDN,"GDP per capita, PPP (current international $)",NY.GDP.PCAP.PP.CD,4252.42138671875,4199.25048828125,3914.2255859375,3348.57836914063,3248.9755859375,3354.84643554688,2422.6533203125,2118.88891601563,2192.27221679688
Sudan,SDN,"Population, total",SP.POP.TOTL,42714306,44230596,45548175,46789231,48066924,49383346,50042791,50448963,51662147
Sudan,SDN,Poverty headcount ratio at $3.00 a day (2021 PPP) (% of population),SI.POV.DDAY,..,..,..,..,..,..,..,..,..
Sudan,SDN,Prevalence of moderate or severe food insecurity in the population (%),SN.ITK.MSFI.ZS,..,..,..,..,..,..,..,..,..
Suriname,SUR,"GDP per capita, PPP (current international $)",NY.GDP.PCAP.PP.CD,17567.6802396432,17855.4787141437,19771.5473885151,16946.8942361914,18458.234999681,20075.6544534114,21127.5975244081,21832.187015648,22652.3952637959
Suriname,SUR,"Population, total",SP.POP.TOTL,593713,599513,605768,612317,617896,623164,628886,634431,639850
Suriname,SUR,Poverty headcount ratio at $3.00 a day (2021 PPP) (% of population),SI.POV.DDAY,..,..,..,..,..,2.2,..,..,..
Suriname,SUR,Prevalence of moderate or severe food insecurity in the population (%),SN.ITK.MSFI.ZS,..,..,..,35.8,35.8,35.8,..,..,..
Sweden,SWE,"GDP per capita, PPP (current international $)",NY.GDP.PCAP.PP.CD,51386.5907915775,52962.1832555021,56909.753155728,57396.2588780383,62190.8526983825,66517.6358713011,68457.9015289277,71221.9379308266,72528.8892631159
Sweden,SWE,"Population, total",SP.POP.TOTL,10057698,10175214,10278887,10353442,10415811,10486941,10536632,10569709,10596620
Sweden,SWE,Poverty headcount ratio at $3.00 a day (2021 PPP) (% of population),SI.POV.DDAY,0.3,0.9,0.4,0.5,0.6,1.3,0.8,..,..
Sweden,SWE,Prevalence of moderate or severe food insecurity in the population (%),SN.ITK.MSFI.ZS,5.4,5.7,5.3,5.3,5.4,6,6.9,..,..
Switzerland,CHE,"GDP per capita, PPP (current international $)",NY.GDP.PCAP.PP.CD,69317.5993921633,72169.4717767024,75267.0079269626,74384.6631232325,83524.9832880195,94629.7224204886,93939.7784980038,97467.7447151829,102513.347221899
Switzerland,CHE,"Population, total",SP.POP.TOTL,8451840,8514329,8575280,8638167,8704546,8777088,8888822,9005582,9092436
Switzerland,CHE,Poverty headcount ratio at $3.00 a day (2021 PPP) (% of population),SI.POV.DDAY,0,0,0,0.1,0,0.2,..,..,..
Switzerland,CHE,Prevalence of moderate or severe food insecurity in the population (%),SN.ITK.MSFI.ZS,3.1,2.6,2,2.2,2.1,2.5,2,..,..
Syrian Arab Republic,SYR,"GDP per capita, PPP (current international $)",NY.GDP.PCAP.PP.CD,3265.07016871603,3455.89168825346,3502.17536117799,3878.42802993832,4765.52911357702,4905.15252202552,..,..,..
Syrian Arab Republic,SYR,"Population, total",SP.POP.TOTL,19224668,19577845,20353534,21049429,21628839,22462173,23594623,24672760,25620427
Syrian Arab Republic,SYR,Poverty headcount ratio at $3.00 a day (2021 PPP) (% of population),SI.POV.DDAY,..,..,..,..,..,18,..,..,..
Syrian Arab Republic,SYR,Prevalence of moderate or severe food insecurity in the population (%),SN.ITK.MSFI.ZS,..,..,..,..,..,..,..,..,..
Tajikistan,TJK,"GDP per capita, PPP (current international $)",NY.GDP.PCAP.PP.CD,3017.00314887354,3069.10385079592,3459.97365083434,3653.95976759112,3985.91247611219,4513.4597158968,4967.6740543988,5413.83109811464,5923.47183321348
Tajikistan,TJK,"Population, total",SP.POP.TOTL,9085946,9307333,9529966,9749310,9966908,10182222,10389799,10590927,10786734
Tajikistan,TJK,Poverty headcount ratio at $3.00 a day (2021 PPP) (% of population),SI.POV.DDAY,..,..,..,..,9.1,8.9,7.3,6.1,..
Tajikistan,TJK,Prevalence of moderate or severe food insecurity in the population (%),SN.ITK.MSFI.ZS,29.6,28.8,28.7,30.2,31,28,25.1,..,..
Tanzania,TZA,"GDP per capita, PPP (current international $)",NY.GDP.PCAP.PP.CD,2472.4931640625,2727.88012695313,2981.87451171875,3290.60986328125,3493.0830078125,3799.26000976563,4021.82885742188,4226.92626953125,4470.9541015625
Tanzania,TZA,"Population, total",SP.POP.TOTL,55652890,57437145,59174891,60972798,62830412,64711821,66617606,68560157,70545865
Tanzania,TZA,Poverty headcount ratio at $3.00 a day (2021 PPP) (% of population),SI.POV.DDAY,..,51.3,..,..,..,..,..,..,..
Tanzania,TZA,Prevalence of moderate or severe food insecurity in the population (%),SN.ITK.MSFI.ZS,56.6,56.1,56.3,57.6,58.7,58.2,58,..,..
Thailand,THA,"GDP per capita, PPP (current international $)",NY.GDP.PCAP.PP.CD,17573.339815536,18876.2208766741,19963.3918407099,19156.5820127644,20236.9760408784,22245.6387597542,23598.3745068685,24909.2266037939,26250.0723587304
Thailand,THA,"Population, total",SP.POP.TOTL,71160187,71376079,71522271,71641484,71727332,71735329,71702435,71668011,71619863
Thailand,THA,Poverty headcount ratio at $3.00 a day (2021 PPP) (% of population),SI.POV.DDAY,0.1,0.1,0.1,0.1,0,0,0,0,..
Thailand,THA,Prevalence of moderate or severe food insecurity in the population (%),SN.ITK.MSFI.ZS,..,4.7,5.4,6.4,7.1,6.5,5.4,..,..
Timor-Leste,TLS,"GDP per capita, PPP (current international $)",NY.GDP.PCAP.PP.CD,3463.11730297031,3561.28770455766,4556.61428089164,6132.08288218058,6825.0458085995,5728.90346523347,4810.78356024783,4429.20182282365,4809.49016945191
Timor-Leste,TLS,"Population, total",SP.POP.TOTL,1251703,1275959,1300945,1326053,1350139,1369295,1384286,1400638,1418517
Timor-Leste,TLS,Poverty headcount ratio at $3.00 a day (2021 PPP) (% of population),SI.POV.DDAY,..,..,..,..,..,..,..,..,..
Timor-Leste,TLS,Prevalence of moderate or severe food insecurity in the population (%),SN.ITK.MSFI.ZS,..,..,53.7,53.7,53.7,..,..,..,..
Togo,TGO,"GDP per capita, PPP (current international $)",NY.GDP.PCAP.PP.CD,2184.16434341899,2288.9476039266,2459.85658494292,2653.96061995284,2952.09730066985,3305.92970304109,3572.00417260831,3814.83532681353,4079.36376686718
Togo,TGO,"Population, total",SP.POP.TOTL,7324386,7458206,7619925,7788054,7936176,8068616,8223850,8406558,8591626
Togo,TGO,Poverty headcount ratio at $3.00 a day (2021 PPP) (% of population),SI.POV.DDAY,..,35.3,..,..,34.7,..,..,..,..
Togo,TGO,Prevalence of moderate or severe food insecurity in the population (%),SN.ITK.MSFI.ZS,61.7,59.6,56.3,54.7,56,57,58.5,..,..
Tonga,TON,"GDP per capita, PPP (current international $)",NY.GDP.PCAP.PP.CD,6229.07019926381,6392.60068547144,6473.32046564939,6676.65061142853,6930.06482518663,7295.94922827877,7810.10184717265,8174.34840883872,8674.68048447494
Tonga,TON,"Population, total",SP.POP.TOTL,105356,105567,105669,105704,105490,105042,104597,104175,103742
Tonga,TON,Poverty headcount ratio at $3.00 a day (2021 PPP) (% of population),SI.POV.DDAY,..,..,..,..,0.4,..,..,..,..
Tonga,TON,Prevalence of moderate or severe food insecurity in the population (%),SN.ITK.MSFI.ZS,..,..,23.2,20.4,17.6,14.8,..,..,..
Trinidad and Tobago,TTO,"GDP per capita, PPP (current international $)",NY.GDP.PCAP.PP.CD,28484.2557157494,28673.2413951653,29315.8054064667,26731.3556410029,30482.1201798631,32973.632075038,34651.9065448775,36381.2720794439,37121.2050020847
Trinidad and Tobago,TTO,"Population, total",SP.POP.TOTL,1356633,1359193,1363985,1366725,1367558,1365805,1367510,1368333,1367764
Trinidad and Tobago,TTO,Poverty headcount ratio at $3.00 a day (2021 PPP) (% of population),SI.POV.DDAY,..,..,..,..,..,..,..,..,..
Trinidad and Tobago,TTO,Prevalence of moderate or severe food insecurity in the population (%),SN.ITK.MSFI.ZS,..,..,..,..,..,27.6,27.6,..,..
Tunisia,TUN,"GDP per capita, PPP (current international $)",NY.GDP.PCAP.PP.CD,11288.7800135085,11841.4061980603,12494.7905733455,11918.066205483,12444.3264026887,13616.380720945,14052.1687041992,14542.0966234293,15233.4885842318
Tunisia,TUN,"Population, total",SP.POP.TOTL,11650498,11765514,11875081,11974057,12048622,12119334,12200431,12277109,12348573
Tunisia,TUN,Poverty headcount ratio at $3.00 a day (2021 PPP) (% of population),SI.POV.DDAY,..,..,..,..,0.7,..,..,..,..
Tunisia,TUN,Prevalence of moderate or severe food insecurity in the population (%),SN.ITK.MSFI.ZS,20,22.1,25,28,28.5,26.7,25.4,..,..
Turkiye,TUR,"GDP per capita, PPP (current international $)",NY.GDP.PCAP.PP.CD,28353.5406410966,28640.3401839802,29016.4555653445,29209.3308866883,32105.5474400506,39919.1608756567,43196.3381254367,45122.9317187258,45288.4750285273
Turkiye,TUR,"Population, total",SP.POP.TOTL,80312698,81407204,82579440,83384680,84147318,84979913,85325965,85518661,85878556
Turkiye,TUR,Poverty headcount ratio at $3.00 a day (2021 PPP) (% of population),SI.POV.DDAY,1.1,1,1.3,1.1,0.9,0.5,0.2,..,..
Turkiye,TUR,Prevalence of moderate or severe food insecurity in the population (%),SN.ITK.MSFI.ZS,..,..,..,..,..,..,..,..,..
Turkmenistan,TKM,"GDP per capita, PPP (current international $)",NY.GDP.PCAP.PP.CD,13278.4030353381,14368.4621432532,15389.2461090476,14971.3322055898,16259.8700051884,18148.7189785918,19644.7256847416,21025.8403822415,22601.5518373128
Turkmenistan,TKM,"Population, total",SP.POP.TOTL,6507061,6655524,6803944,6949912,7092043,7230193,7364438,7494498,7618847
Turkmenistan,TKM,Poverty headcount ratio at $3.00 a day (2021 PPP) (% of population),SI.POV.DDAY,..,..,..,..,..,..,..,..,..
Turkmenistan,TKM,Prevalence of moderate or severe food insecurity in the population (%),SN.ITK.MSFI.ZS,..,..,..,..,..,..,..,..,..
Turks and Caicos Islands,TCA,"GDP per capita, PPP (current international $)",NY.GDP.PCAP.PP.CD,30097.3550560987,31151.4748574464,31173.3797811743,19530.0254075613,25056.4880515569,30216.0346068372,35365.8657232406,38009.5079479808,..
Turks and Caicos Islands,TCA,"Population, total",SP.POP.TOTL,39913,41559,43166,44386,45243,45847,46198,46535,46855
Turks and Caicos Islands,TCA,Poverty headcount ratio at $3.00 a day (2021 PPP) (% of population),SI.POV.DDAY,..,..,..,..,..,..,..,..,..
Turks and Caicos Islands,TCA,Prevalence of moderate or severe food insecurity in the population (%),SN.ITK.MSFI.ZS,..,..,..,..,..,..,..,..,..
Tuvalu,TUV,"GDP per capita, PPP (current international $)",NY.GDP.PCAP.PP.CD,4236.97583280304,4442.36859909198,5205.1977197179,5204.86656424048,5551.80841999248,5403.33289042089,5903.8648736232,6365.76616505123,6759.27941373717
Tuvalu,TUV,"Population, total",SP.POP.TOTL,10869,10751,10581,10399,10194,9992,9816,9646,9492
Tuvalu,TUV,Poverty headcount ratio at $3.00 a day (2021 PPP) (% of population),SI.POV.DDAY,..,..,..,..,..,..,..,..,..
Tuvalu,TUV,Prevalence of moderate or severe food insecurity in the population (%),SN.ITK.MSFI.ZS,..,..,..,..,..,..,..,..,..
Uganda,UGA,"GDP per capita, PPP (current international $)",NY.GDP.PCAP.PP.CD,2157.95747503369,2312.05752813495,2441.37445233821,2532.21950102069,2684.92035939744,2918.71512173871,3100.19016956104,3278.02086557843,3487.69797525182
Uganda,UGA,"Population, total",SP.POP.TOTL,40177388,41565831,42999637,44457152,45910930,47312719,48656601,50015092,51384894
Uganda,UGA,Poverty headcount ratio at $3.00 a day (2021 PPP) (% of population),SI.POV.DDAY,..,..,59.8,..,..,..,..,..,..
Uganda,UGA,Prevalence of moderate or severe food insecurity in the population (%),SN.ITK.MSFI.ZS,76,75,73.1,69.8,65.9,59.5,54.6,..,..
Ukraine,UKR,"GDP per capita, PPP (current international $)",NY.GDP.PCAP.PP.CD,11536.0810546875,12554.8486328125,14217.486328125,15541.02734375,17846.408203125,14767.73046875,17679.904296875,18636.13671875,18904.98046875
Ukraine,UKR,"Population, total",SP.POP.TOTL,45436041,45208907,44957458,44680014,44298640,41048766,37732836,37860221,38980376
Ukraine,UKR,Poverty headcount ratio at $3.00 a day (2021 PPP) (% of population),SI.POV.DDAY,0.1,0.2,0.2,0,..,..,..,..,..
Ukraine,UKR,Prevalence of moderate or severe food insecurity in the population (%),SN.ITK.MSFI.ZS,21.5,18.3,19.9,22.7,28.2,31,32.5,..,..
United Arab Emirates,ARE,"GDP per capita, PPP (current international $)",NY.GDP.PCAP.PP.CD,70281.8969423807,77446.2084020359,79816.3029999451,66790.6630877602,68580.1312912676,75059.7702106115,78019.5228244288,79343.7793099888,..
United Arab Emirates,ARE,"Population, total",SP.POP.TOTL,9223225,9346701,9445785,9401038,9575152,10074977,10483751,10986400,11513149
United Arab Emirates,ARE,Poverty headcount ratio at $3.00 a day (2021 PPP) (% of population),SI.POV.DDAY,..,0,..,..,..,..,..,..,..
United Arab Emirates,ARE,Prevalence of moderate or severe food insecurity in the population (%),SN.ITK.MSFI.ZS,..,..,..,..,..,..,3.6,..,..
United Kingdom,GBR,"GDP per capita, PPP (current international $)",NY.GDP.PCAP.PP.CD,46440.8214149807,47636.0128366551,50493.9441896153,48719.8339897935,51840.4424245515,60266.7467325014,60786.7193353069,62839.4679324927,64606.4955066338
United Kingdom,GBR,"Population, total",SP.POP.TOTL,65964000,66287000,66628000,66740000,66978000,67636000,68526000,69281000,69487000
United Kingdom,GBR,Poverty headcount ratio at $3.00 a day (2021 PPP) (% of population),SI.POV.DDAY,0.4,0.4,0.4,0.5,0.4,..,..,..,..
United Kingdom,GBR,Prevalence of moderate or severe food insecurity in the population (%),SN.ITK.MSFI.ZS,5.6,4.9,3.9,3.5,4.1,5.7,6.9,..,..
United States,USA,"GDP per capita, PPP (current international $)",NY.GDP.PCAP.PP.CD,60047.7190728307,62875.6661382728,65227.9565911038,64465.2971415748,71441.231980595,78008.6895811877,82586.7847707891,86169.6641581914,90026.5163005744
United States,USA,"Population, total",SP.POP.TOTL,326608609,328529577,330226227,331578104,332100166,333996304,336755052,340003797,341784857
United States,USA,Poverty headcount ratio at $3.00 a day (2021 PPP) (% of population),SI.POV.DDAY,1.3,1.1,1,0.4,0.3,1.4,1.2,1.1,..
United States,USA,Prevalence of moderate or severe food insecurity in the population (%),SN.ITK.MSFI.ZS,8.9,8.4,8.2,8,8.6,9.3,10.3,..,..
Upper middle income,UMC,"GDP per capita, PPP (current international $)",NY.GDP.PCAP.PP.CD,14830.2224805465,15780.4555891274,16654.0194892017,16761.8731146221,18796.441497948,20898.6897141198,22608.3773484032,24046.0225883619,25523.4542028292
Upper middle income,UMC,"Population, total",SP.POP.TOTL,2966243458,2989519673,3010528196,3027927471,3041374322,3050300704,3057927413,3068439051,3078912188
Upper middle income,UMC,Poverty headcount ratio at $3.00 a day (2021 PPP) (% of population),SI.POV.DDAY,4.4,3.7,3.2,3.2,3.1,2.6,2.3,2.1,..
Upper middle income,UMC,Prevalence of moderate or severe food insecurity in the population (%),SN.ITK.MSFI.ZS,15.7709232,15.1634156,13.8498965,15.7392147,15.0845604,14.0302808,13.1208955,12.6137375,..
Uruguay,URY,"GDP per capita, PPP (current international $)",NY.GDP.PCAP.PP.CD,23606.6429970705,24386.4948473952,25782.6937211734,25725.2559304608,29431.8738833361,33033.5719368346,34545.6803727886,36596.7847357669,38314.8861221656
Uruguay,URY,"Population, total",SP.POP.TOTL,3388438,3394534,3397206,3398968,3396695,3390913,3388081,3386588,3384688
Uruguay,URY,Poverty headcount ratio at $3.00 a day (2021 PPP) (% of population),SI.POV.DDAY,0.1,0.1,0.1,0.3,0.2,0.2,0.2,0.2,..
Uruguay,URY,Prevalence of moderate or severe food insecurity in the population (%),SN.ITK.MSFI.ZS,..,13.3,14,14.1,15.2,15.7,16.2,..,..
Uzbekistan,UZB,"GDP per capita, PPP (current international $)",NY.GDP.PCAP.PP.CD,8106.62280505191,8491.93421125471,8909.36758868309,8920.32011703083,9705.60054565692,10809.1380396181,11678.6257366395,12518.4323028403,13601.2917473678
Uzbekistan,UZB,"Population, total",SP.POP.TOTL,31819178,32373490,32964701,33586372,34243696,34938955,35652307,36361859,37053428
Uzbekistan,UZB,Poverty headcount ratio at $3.00 a day (2021 PPP) (% of population),SI.POV.DDAY,..,..,..,..,4.4,4.4,4.1,2.7,2.3
Uzbekistan,UZB,Prevalence of moderate or severe food insecurity in the population (%),SN.ITK.MSFI.ZS,14.9,17.2,19.7,23.6,26.1,26.1,24.4,..,..
Vanuatu,VUT,"GDP per capita, PPP (current international $)",NY.GDP.PCAP.PP.CD,3582.74831340905,3668.080208179,3762.09421920705,3511.73441840856,3546.08021896872,3918.73096260725,4201.80837273668,4367.82503750089,4525.23645747645
Vanuatu,VUT,"Population, total",SP.POP.TOTL,278507,285259,291985,298858,305868,313046,320409,327777,335169
Vanuatu,VUT,Poverty headcount ratio at $3.00 a day (2021 PPP) (% of population),SI.POV.DDAY,..,..,19.5,..,..,..,..,..,..
Vanuatu,VUT,Prevalence of moderate or severe food insecurity in the population (%),SN.ITK.MSFI.ZS,..,23.3,23.3,23.3,..,..,..,..,..
"Venezuela, RB",VEN,"GDP per capita, PPP (current international $)",NY.GDP.PCAP.PP.CD,..,..,..,..,..,..,..,..,..
"Venezuela, RB",VEN,"Population, total",SP.POP.TOTL,30565323,29807592,28938098,28444077,28237826,28213017,28300854,28405543,28516896
"Venezuela, RB",VEN,Poverty headcount ratio at $3.00 a day (2021 PPP) (% of population),SI.POV.DDAY,..,..,..,..,..,..,..,..,..
"Venezuela, RB",VEN,Prevalence of moderate or severe food insecurity in the population (%),SN.ITK.MSFI.ZS,..,..,..,..,..,..,..,..,..
Viet Nam,VNM,"GDP per capita, PPP (current international $)",NY.GDP.PCAP.PP.CD,9169.73192052855,10009.9714756006,11029.2732083963,11609.3177276423,12048.9019935536,13902.9499867089,15033.899969483,16387.9087954113,18088.491587163
Viet Nam,VNM,"Population, total",SP.POP.TOTL,95176977,96237319,97173776,98079191,98935098,99680655,100352192,100987686,101598527
Viet Nam,VNM,Poverty headcount ratio at $3.00 a day (2021 PPP) (% of population),SI.POV.DDAY,..,2.2,..,1.3,..,1.6,..,..,..
Viet Nam,VNM,Prevalence of moderate or severe food insecurity in the population (%),SN.ITK.MSFI.ZS,6.2,6.2,6.5,7.6,9,10.8,10.7,..,..
Virgin Islands (U.S.),VIR,"GDP per capita, PPP (current international $)",NY.GDP.PCAP.PP.CD,33893.5501815475,36746.4868901838,40021.7775798024,41749.0800364553,46893.5496988741,49785.1412220186,..,..,..
Virgin Islands (U.S.),VIR,"Population, total",SP.POP.TOTL,107281,107001,106669,106290,105870,105413,104917,104377,103792
Virgin Islands (U.S.),VIR,Poverty headcount ratio at $3.00 a day (2021 PPP) (% of population),SI.POV.DDAY,..,..,..,..,..,..,..,..,..
Virgin Islands (U.S.),VIR,Prevalence of moderate or severe food insecurity in the population (%),SN.ITK.MSFI.ZS,..,..,..,..,..,..,..,..,..
West Bank and Gaza,PSE,"GDP per capita, PPP (current international $)",NY.GDP.PCAP.PP.CD,6106.64574037122,6215.81647317396,6508.44835080318,5956.28620064819,5663.12160743584,6162.27222447827,6178.51270322198,4770.6463157404,4999.71301859773
West Bank and Gaza,PSE,"Population, total",SP.POP.TOTL,4454805,4569087,4685306,4803269,4922749,5043612,5165775,5289152,5413596
West Bank and Gaza,PSE,Poverty headcount ratio at $3.00 a day (2021 PPP) (% of population),SI.POV.DDAY,..,..,..,..,..,..,2.1,..,..
West Bank and Gaza,PSE,Prevalence of moderate or severe food insecurity in the population (%),SN.ITK.MSFI.ZS,26.3,26.8,27.8,28.4,28.1,27.4,27,..,..
World,WLD,"GDP per capita, PPP (current international $)",NY.GDP.PCAP.PP.CD,16429.0103801342,17293.9495577393,18132.2535880815,17910.1867404411,19865.9266203614,22005.9139557162,23381.6927256577,24544.4750035019,25703.7416091769
World,WLD,"Population, total",SP.POP.TOTL,7613788655,7696159728,7777162476,7853863139,7919567995,7988550201,8062923417,8140897523,8215424893
World,WLD,Poverty headcount ratio at $3.00 a day (2021 PPP) (% of population),SI.POV.DDAY,11.8,11.1,..,11.4,11.3,10.9,10.6,10.4,..
World,WLD,Prevalence of moderate or severe food insecurity in the population (%),SN.ITK.MSFI.ZS,23.5423649,24.6104178,24.9516781,28.7608957,28.8673542,28.4676878,28.3572086,27.9879394,..
"Yemen, Rep.",YEM,"GDP per capita, PPP (current international $)",NY.GDP.PCAP.PP.CD,..,..,..,..,..,..,..,..,..
"Yemen, Rep.",YEM,"Population, total",SP.POP.TOTL,33090921,34085182,35111408,36134863,37140230,38222876,39390799,40583164,41773878
"Yemen, Rep.",YEM,Poverty headcount ratio at $3.00 a day (2021 PPP) (% of population),SI.POV.DDAY,..,..,..,..,..,..,..,..,..
"Yemen, Rep.",YEM,Prevalence of moderate or severe food insecurity in the population (%),SN.ITK.MSFI.ZS,46.6,46,49.4,58.5,67.2,72.5,73,..,..
Zambia,ZMB,"GDP per capita, PPP (current international $)",NY.GDP.PCAP.PP.CD,3391.62768492775,3442.27307196302,3361.39750299612,3157.30009311643,3503.03491418372,3840.115825721,4080.35544205923,4221.01397093025,4379.26131013191
Zambia,ZMB,"Population, total",SP.POP.TOTL,17441320,17973569,18513839,19059395,19603607,20152938,20723965,21314956,21913874
Zambia,ZMB,Poverty headcount ratio at $3.00 a day (2021 PPP) (% of population),SI.POV.DDAY,..,..,..,..,..,71.7,..,..,..
Zambia,ZMB,Prevalence of moderate or severe food insecurity in the population (%),SN.ITK.MSFI.ZS,52,54.2,52.5,51.8,47.9,46.1,45.3,..,..
Zimbabwe,ZWE,"GDP per capita, PPP (current international $)",NY.GDP.PCAP.PP.CD,10756.4454416985,3992.890718675,4165.92242720214,4178.509676231,4827.10960165994,5395.02452868174,5795.99047011573,5932.87021993648,6470.41613223905
Zimbabwe,ZWE,"Population, total",SP.POP.TOTL,14812482,15034452,15271368,15526888,15797210,16069056,16340822,16634373,16950795
Zimbabwe,ZWE,Poverty headcount ratio at $3.00 a day (2021 PPP) (% of population),SI.POV.DDAY,44.7,..,49.2,..,..,..,..,..,..
Zimbabwe,ZWE,Prevalence of moderate or severe food insecurity in the population (%),SN.ITK.MSFI.ZS,67,66.7,69.8,73,73.6,70.7,68.8,..,..
,,,,,,,,,,,,
,,,,,,,,,,,,
,,,,,,,,,,,,
Data from database: World Development Indicators,,,,,,,,,,,,
Last Updated: 07/13/2026,,,,,,,,,,,,
